1754028480000 99.02
1754028540000 98.96
1754028600000 99.31
1754028660000 96.65
1754028720000 97.50
1754028780000 99.11
1754028840000 99.31
1754028900000 99.28
1754028960000 99.32
1754029020000 99.20
1754029080000 98.96
1754029140000 99.29
1754029200000 99.21
1754029260000 98.89
1754029320000 98.90
1754029380000 99.03
1754029440000 99.27
1754029500000 99.26
1754029560000 99.34
1754029620000 99.31
1754029680000 99.44
1754029740000 99.29
1754029800000 98.66
1754029860000 98.90
1754029920000 99.19
1754029980000 99.08
1754030040000 99.32
1754030100000 99.25
1754030160000 99.34
1754030220000 98.83
1754030280000 99.22
1754030340000 99.33
1754030400000 99.35
1754030460000 99.32
1754030520000 99.40
1754030580000 98.81
1754030640000 98.08
1754030700000 99.03
1754030760000 99.00
1754030820000 99.00
1754030880000 98.90
1754030940000 99.09
1754031000000 99.41
1754031060000 99.04
1754031120000 98.86
1754031180000 99.17
1754031240000 99.21
1754031300000 99.31
1754031360000 99.32
1754031420000 99.36
1754031480000 99.32
1754031540000 99.32
1754031600000 99.30
1754031660000 98.95
1754031720000 98.86
1754031780000 99.19
1754031840000 98.99
1754031900000 98.87
1754031960000 99.14
1754032020000 99.19
1754032080000 98.79
1754032140000 99.21
1754032200000 98.82
1754032260000 98.94
1754032320000 99.02
1754032380000 98.97
1754032440000 98.22
1754032500000 99.00
1754032560000 98.80
1754032620000 99.08
1754032680000 99.03
1754032740000 98.98
1754032800000 98.93
1754032860000 98.98
1754032920000 99.14
1754032980000 99.15
1754033040000 98.33
1754033100000 98.98
1754033160000 99.10
1754033220000 98.65
1754033280000 98.54
1754033340000 99.03
1754033400000 99.13
1754033460000 99.06
1754033520000 99.13
1754033580000 98.65
1754033640000 98.54
1754033700000 98.87
1754033760000 98.79
1754033820000 98.73
1754033880000 98.89
1754033940000 98.90
1754034000000 99.04
1754034060000 98.68
1754034120000 99.02
1754034180000 98.89
1754034240000 98.90
1754034300000 98.98
1754034360000 98.80
1754034420000 98.87
1754034480000 99.00
1754034540000 98.85
1754034600000 99.08
1754034660000 98.88
1754034720000 98.75
1754034780000 99.17
1754034840000 99.23
1754034900000 99.08
1754034960000 99.03
1754035020000 99.08
1754035080000 99.03
1754035140000 99.15
1754035200000 98.92
1754035260000 98.79
1754035320000 98.81
1754035380000 98.72
1754035440000 98.48
1754035500000 98.45
1754035560000 94.90
1754035620000 94.48
1754035680000 97.93
1754035740000 97.53
1754035800000 98.67
1754035860000 97.60
1754035920000 97.53
1754035980000 98.62
1754036040000 98.65
1754036100000 99.08
1754036160000 98.82
1754036220000 98.62
1754036280000 98.68
1754036340000 98.41
1754036400000 99.06
1754036460000 98.83
1754036520000 98.89
1754036580000 98.82
1754036640000 98.76
1754036700000 98.64
1754036760000 98.55
1754036820000 98.74
1754036880000 98.66
1754036940000 98.91
1754037000000 98.89
1754037060000 98.53
1754037120000 98.98
1754037180000 99.12
1754037240000 99.09
1754037300000 98.99
1754037360000 96.27
1754037420000 97.84
1754037480000 98.67
1754037540000 97.57
1754037600000 98.82
1754037660000 98.80
1754037720000 98.63
1754037780000 99.03
1754037840000 99.13
1754037900000 99.14
1754037960000 99.18
1754038020000 99.02
1754038080000 99.25
1754038140000 99.00
1754038200000 99.04
1754038260000 99.04
1754038320000 99.11
1754038380000 99.27
1754038440000 99.33
1754038500000 99.13
1754038560000 99.12
1754038620000 99.27
1754038680000 99.34
1754038740000 98.53
1754038800000 98.31
1754038860000 97.91
1754038920000 96.84
1754038980000 98.61
1754039040000 98.98
1754039100000 98.98
1754039160000 99.07
1754039220000 99.19
1754039280000 99.13
1754039340000 99.11
1754039400000 99.08
1754039460000 98.93
1754039520000 99.18
1754039580000 99.31
1754039640000 99.04
1754039700000 99.00
1754039760000 99.05
1754039820000 99.22
1754039880000 99.26
1754039940000 99.08
1754040000000 98.76
1754040060000 99.06
1754040120000 99.16
1754040180000 99.34
1754040240000 99.09
1754040300000 99.23
1754040360000 99.29
1754040420000 99.19
1754040480000 99.41
1754040540000 99.32
1754040600000 99.35
1754040660000 98.83
1754040720000 99.36
1754040780000 99.36
1754040840000 99.21
1754040900000 99.15
1754040960000 99.31
1754041020000 99.46
1754041080000 99.25
1754041140000 99.39
1754041200000 99.34
1754041260000 99.30
1754041320000 99.21
1754041380000 99.38
1754041440000 99.32
1754041500000 98.97
1754041560000 99.37
1754041620000 99.35
1754041680000 99.25
1754041740000 99.41
1754041800000 99.33
1754041860000 99.21
1754041920000 99.19
1754041980000 99.27
1754042040000 99.25
1754042100000 99.08
1754042160000 99.16
1754042220000 98.64
1754042280000 99.43
1754042340000 99.28
1754042400000 99.29
1754042460000 99.03
1754042520000 99.31
1754042580000 99.42
1754042640000 99.21
1754042700000 99.21
1754042760000 99.40
1754042820000 99.29
1754042880000 99.22
1754042940000 99.32
1754043000000 99.31
1754043060000 99.29
1754043120000 99.31
1754043180000 99.37
1754043240000 99.39
1754043300000 99.38
1754043360000 99.26
1754043420000 99.29
1754043480000 99.37
1754043540000 99.44
1754043600000 99.26
1754043660000 99.39
1754043720000 99.47
1754043780000 99.47
1754043840000 99.38
1754043900000 99.37
1754043960000 99.35
1754044020000 99.41
1754044080000 99.43
1754044140000 99.33
1754044200000 99.42
1754044260000 99.27
1754044320000 99.30
1754044380000 99.13
1754044440000 99.06
1754044500000 99.33
1754044560000 99.34
1754044620000 99.19
1754044680000 99.13
1754044740000 99.39
1754044800000 99.00
1754044860000 99.29
1754044920000 99.18
1754044980000 99.36
1754045040000 99.36
1754045100000 99.32
1754045160000 99.38
1754045220000 99.29
1754045280000 99.04
1754045340000 99.22
1754045400000 99.15
1754045460000 99.20
1754045520000 99.34
1754045580000 99.16
1754045640000 99.43
1754045700000 99.32
1754045760000 99.33
1754045820000 99.32
1754045880000 99.26
1754045940000 99.39
1754046000000 99.38
1754046060000 99.08
1754046120000 99.26
1754046180000 99.21
1754046240000 99.38
1754046300000 99.30
1754046360000 99.47
1754046420000 99.27
1754046480000 99.19
1754046540000 99.36
1754046600000 99.27
1754046660000 99.26
1754046720000 99.11
1754046780000 99.02
1754046840000 99.34
1754046900000 99.25
1754046960000 98.05
1754047020000 97.62
1754047080000 99.19
1754047140000 99.21
1754047200000 99.34
1754047260000 99.37
1754047320000 99.34
1754047380000 99.44
1754047440000 99.28
1754047500000 99.42
1754047560000 99.39
1754047620000 99.39
1754047680000 99.34
1754047740000 99.37
1754047800000 99.36
1754047860000 99.18
1754047920000 99.22
1754047980000 99.48
1754048040000 99.37
1754048100000 99.19
1754048160000 99.38
1754048220000 99.33
1754048280000 99.39
1754048340000 99.38
1754048400000 99.30
1754048460000 99.20
1754048520000 99.40
1754048580000 99.21
1754048640000 99.45
1754048700000 99.48
1754048760000 99.38
1754048820000 99.36
1754048880000 99.27
1754048940000 99.31
1754049000000 99.20
1754049060000 99.43
1754049120000 99.38
1754049180000 98.93
1754049240000 99.39
1754049300000 99.30
1754049360000 99.31
1754049420000 99.06
1754049480000 99.24
1754049540000 99.37
1754049600000 99.36
1754049660000 99.13
1754049720000 99.27
1754049780000 99.17
1754049840000 98.79
1754049900000 98.90
1754049960000 99.08
1754050020000 98.83
1754050080000 98.84
1754050140000 99.13
1754050200000 98.60
1754050260000 99.09
1754050320000 99.28
1754050380000 99.35
1754050440000 99.34
1754050500000 99.40
1754050560000 99.31
1754050620000 99.35
1754050680000 98.85
1754050740000 99.21
1754050800000 99.31
1754050860000 99.19
1754050920000 99.36
1754050980000 99.39
1754051040000 99.49
1754051100000 99.50
1754051160000 99.34
1754051220000 99.25
1754051280000 98.92
1754051340000 97.77
1754051400000 98.52
1754051460000 94.19
1754051520000 96.48
1754051580000 98.36
1754051640000 97.24
1754051700000 98.38
1754051760000 98.54
1754051820000 98.93
1754051880000 98.36
1754051940000 98.61
1754052000000 98.79
1754052060000 99.01
1754052120000 99.14
1754052180000 99.20
1754052240000 99.31
1754052300000 98.81
1754052360000 99.06
1754052420000 99.01
1754052480000 98.96
1754052540000 99.21
1754052600000 99.39
1754052660000 99.10
1754052720000 98.91
1754052780000 99.08
1754052840000 99.19
1754052900000 99.14
1754052960000 99.09
1754053020000 99.12
1754053080000 99.08
1754053140000 99.26
1754053200000 99.31
1754053260000 98.90
1754053320000 99.36
1754053380000 99.37
1754053440000 99.12
1754053500000 99.39
1754053560000 99.23
1754053620000 99.18
1754053680000 99.16
1754053740000 99.25
1754053800000 99.38
1754053860000 99.22
1754053920000 98.98
1754053980000 99.13
1754054040000 99.29
1754054100000 98.88
1754054160000 99.25
1754054220000 99.20
1754054280000 99.25
1754054340000 99.23
1754054400000 99.28
1754054460000 98.74
1754054520000 98.92
1754054580000 98.83
1754054640000 98.64
1754054700000 99.17
1754054760000 99.19
1754054820000 98.95
1754054880000 99.20
1754054940000 99.06
1754055000000 99.38
1754055060000 98.50
1754055120000 98.24
1754055180000 98.91
1754055240000 98.61
1754055300000 98.96
1754055360000 98.28
1754055420000 98.63
1754055480000 98.98
1754055540000 98.89
1754055600000 98.83
1754055660000 97.95
1754055720000 98.76
1754055780000 99.01
1754055840000 98.74
1754055900000 97.99
1754055960000 97.56
1754056020000 97.77
1754056080000 98.48
1754056140000 97.18
1754056200000 96.91
1754056260000 97.96
1754056320000 97.82
1754056380000 97.54
1754056440000 97.69
1754056500000 97.12
1754056560000 96.92
1754056620000 98.35
1754056680000 98.61
1754056740000 98.53
1754056800000 98.55
1754056860000 97.88
1754056920000 98.60
1754056980000 98.00
1754057040000 95.48
1754057100000 97.79
1754057160000 97.81
1754057220000 98.06
1754057280000 97.88
1754057340000 97.27
1754057400000 98.22
1754057460000 98.08
1754057520000 97.36
1754057580000 98.49
1754057640000 98.69
1754057700000 98.62
1754057760000 98.60
1754057820000 98.67
1754057880000 98.57
1754057940000 98.52
1754058000000 98.74
1754058060000 98.09
1754058120000 98.41
1754058180000 98.76
1754058240000 98.58
1754058300000 98.79
1754058360000 98.61
1754058420000 97.19
1754058480000 95.02
1754058540000 97.61
1754058600000 97.64
1754058660000 97.12
1754058720000 96.87
1754058780000 97.24
1754058840000 96.85
1754058900000 97.13
1754058960000 96.84
1754059020000 97.43
1754059080000 97.46
1754059140000 97.26
1754059200000 97.36
1754059260000 96.89
1754059320000 96.29
1754059380000 97.30
1754059440000 97.26
1754059500000 97.63
1754059560000 96.88
1754059620000 97.36
1754059680000 97.34
1754059740000 97.20
1754059800000 97.04
1754059860000 97.42
1754059920000 98.42
1754059980000 99.02
1754060040000 98.93
1754060100000 98.96
1754060160000 98.86
1754060220000 99.08
1754060280000 98.95
1754060340000 99.26
1754060400000 99.28
1754060460000 98.96
1754060520000 98.93
1754060580000 98.67
1754060640000 99.16
1754060700000 99.00
1754060760000 98.29
1754060820000 99.06
1754060880000 99.10
1754060940000 98.97
1754061000000 98.69
1754061060000 98.57
1754061120000 98.68
1754061180000 98.97
1754061240000 99.19
1754061300000 99.23
1754061360000 98.96
1754061420000 99.06
1754061480000 98.32
1754061540000 98.12
1754061600000 98.20
1754061660000 98.57
1754061720000 99.04
1754061780000 98.98
1754061840000 98.83
1754061900000 98.73
1754061960000 98.84
1754062020000 98.85
1754062080000 98.79
1754062140000 99.09
1754062200000 99.06
1754062260000 99.16
1754062320000 99.06
1754062380000 99.15
1754062440000 99.16
1754062500000 99.20
1754062560000 99.08
1754062620000 99.04
1754062680000 98.95
1754062740000 98.36
1754062800000 98.71
1754062860000 97.75
1754062920000 97.60
1754062980000 97.37
1754063040000 96.89
1754063100000 97.21
1754063160000 96.80
1754063220000 96.72
1754063280000 96.78
1754063340000 96.94
1754063400000 97.10
1754063460000 97.02
1754063520000 97.08
1754063580000 96.75
1754063640000 97.05
1754063700000 96.99
1754063760000 97.35
1754063820000 97.17
1754063880000 97.02
1754063940000 97.23
1754064000000 97.14
1754064060000 96.37
1754064120000 97.07
1754064180000 97.10
1754064240000 97.01
1754064300000 97.01
1754064360000 97.53
1754064420000 97.43
1754064480000 97.38
1754064540000 97.47
1754064600000 97.40
1754064660000 97.69
1754064720000 99.21
1754064780000 99.26
1754064840000 99.21
1754064900000 99.35
1754064960000 99.26
1754065020000 99.24
1754065080000 99.20
1754065140000 99.42
1754065200000 99.36
1754065260000 99.30
1754065320000 99.29
1754065380000 99.41
1754065440000 99.46
1754065500000 99.37
1754065560000 99.28
1754065620000 99.29
1754065680000 99.00
1754065740000 99.32
1754065800000 99.42
1754065860000 98.91
1754065920000 99.01
1754065980000 98.72
1754066040000 99.01
1754066100000 98.81
1754066160000 99.17
1754066220000 99.27
1754066280000 99.23
1754066340000 98.88
1754066400000 99.21
1754066460000 97.96
1754066520000 99.11
1754066580000 99.05
1754066640000 99.15
1754066700000 98.94
1754066760000 99.08
1754066820000 99.17
1754066880000 99.08
1754066940000 99.19
1754067000000 99.35
1754067060000 99.28
1754067120000 99.27
1754067180000 99.19
1754067240000 99.04
1754067300000 96.41
1754067360000 98.88
1754067420000 98.19
1754067480000 98.53
1754067540000 99.13
1754067600000 98.93
1754067660000 98.86
1754067720000 98.46
1754067780000 98.71
1754067840000 98.21
1754067900000 97.90
1754067960000 97.25
1754068020000 97.51
1754068080000 97.96
1754068140000 98.07
1754068200000 98.06
1754068260000 97.87
1754068320000 97.96
1754068380000 98.23
1754068440000 97.63
1754068500000 98.17
1754068560000 97.85
1754068620000 98.17
1754068680000 98.06
1754068740000 97.92
1754068800000 98.07
1754068860000 96.92
1754068920000 96.51
1754068980000 98.21
1754069040000 98.28
1754069100000 98.02
1754069160000 98.13
1754069220000 98.06
1754069280000 98.14
1754069340000 98.08
1754069400000 98.07
1754069460000 97.23
1754069520000 96.66
1754069580000 97.89
1754069640000 98.23
1754069700000 98.12
1754069760000 97.81
1754069820000 97.62
1754069880000 97.06
1754069940000 97.53
1754070000000 98.09
1754070060000 97.92
1754070120000 98.09
1754070180000 98.09
1754070240000 97.84
1754070300000 97.70
1754070360000 98.37
1754070420000 99.30
1754070480000 99.15
1754070540000 99.30
1754070600000 99.34
1754070660000 99.28
1754070720000 99.17
1754070780000 99.23
1754070840000 99.24
1754070900000 99.33
1754070960000 99.42
1754071020000 99.24
1754071080000 99.27
1754071140000 99.26
1754071200000 99.12
1754071260000 98.87
1754071320000 99.22
1754071380000 99.28
1754071440000 96.85
1754071500000 98.27
1754071560000 98.91
1754071620000 98.93
1754071680000 98.95
1754071740000 98.71
1754071800000 98.53
1754071860000 99.14
1754071920000 98.88
1754071980000 99.14
1754072040000 99.26
1754072100000 98.88
1754072160000 98.57
1754072220000 95.97
1754072280000 95.72
1754072340000 96.95
1754072400000 97.18
1754072460000 97.30
1754072520000 97.43
1754072580000 98.05
1754072640000 97.79
1754072700000 98.04
1754072760000 97.54
1754072820000 97.57
1754072880000 97.16
1754072940000 97.78
1754073000000 97.77
1754073060000 97.67
1754073120000 97.77
1754073180000 97.23
1754073240000 97.92
1754073300000 98.75
1754073360000 98.58
1754073420000 98.84
1754073480000 99.18
1754073540000 99.16
1754073600000 99.20
1754073660000 99.41
1754073720000 99.03
1754073780000 99.24
1754073840000 99.21
1754073900000 99.38
1754073960000 98.91
1754074020000 99.24
1754074080000 99.30
1754074140000 99.06
1754074200000 98.92
1754074260000 99.28
1754074320000 97.84
1754074380000 98.29
1754074440000 98.95
1754074500000 99.07
1754074560000 98.54
1754074620000 98.51
1754074680000 98.72
1754074740000 98.95
1754074800000 99.13
1754074860000 98.61
1754074920000 98.83
1754074980000 98.71
1754075040000 98.53
1754075100000 97.88
1754075160000 97.80
1754075220000 97.85
1754075280000 97.83
1754075340000 97.85
1754075400000 97.81
1754075460000 97.80
1754075520000 98.21
1754075580000 98.04
1754075640000 98.05
1754075700000 97.52
1754075760000 97.60
1754075820000 97.81
1754075880000 97.94
1754075940000 97.82
1754076000000 98.00
1754076060000 97.77
1754076120000 96.30
1754076180000 97.11
1754076240000 96.69
1754076300000 96.61
1754076360000 97.86
1754076420000 97.83
1754076480000 97.61
1754076540000 97.90
1754076600000 98.03
1754076660000 96.68
1754076720000 97.30
1754076780000 96.23
1754076840000 95.70
1754076900000 95.47
1754076960000 96.08
1754077020000 96.47
1754077080000 95.81
1754077140000 95.72
1754077200000 96.07
1754077260000 96.08
1754077320000 96.35
1754077380000 96.24
1754077440000 96.16
1754077500000 95.98
1754077560000 97.21
1754077620000 97.52
1754077680000 98.06
1754077740000 97.59
1754077800000 97.76
1754077860000 97.82
1754077920000 97.55
1754077980000 97.74
1754078040000 97.74
1754078100000 97.10
1754078160000 97.93
1754078220000 97.90
1754078280000 97.83
1754078340000 98.06
1754078400000 97.28
1754078460000 97.64
1754078520000 97.25
1754078580000 97.67
1754078640000 97.69
1754078700000 97.99
1754078760000 97.83
1754078820000 97.84
1754078880000 96.54
1754078940000 95.27
1754079000000 97.59
1754079060000 97.65
1754079120000 97.97
1754079180000 98.35
1754079240000 97.70
1754079300000 97.73
1754079360000 97.47
1754079420000 97.72
1754079480000 98.40
1754079540000 99.13
1754079600000 98.22
1754079660000 98.67
1754079720000 98.42
1754079780000 99.16
1754079840000 98.56
1754079900000 99.07
1754079960000 98.97
1754080020000 98.48
1754080080000 99.18
1754080140000 99.20
1754080200000 98.91
1754080260000 99.19
1754080320000 98.88
1754080380000 99.25
1754080440000 99.10
1754080500000 99.19
1754080560000 99.31
1754080620000 99.16
1754080680000 98.58
1754080740000 99.21
1754080800000 99.21
1754080860000 98.19
1754080920000 98.56
1754080980000 99.02
1754081040000 99.09
1754081100000 99.28
1754081160000 98.75
1754081220000 99.12
1754081280000 98.42
1754081340000 97.96
1754081400000 98.18
1754081460000 98.02
1754081520000 98.23
1754081580000 98.00
1754081640000 98.18
1754081700000 98.19
1754081760000 98.06
1754081820000 97.83
1754081880000 98.28
1754081940000 97.85
1754082000000 98.01
1754082060000 97.54
1754082120000 98.91
1754082180000 98.39
1754082240000 97.66
1754082300000 97.18
1754082360000 97.64
1754082420000 97.88
1754082480000 97.85
1754082540000 97.64
1754082600000 97.69
1754082660000 97.68
1754082720000 98.07
1754082780000 97.19
1754082840000 97.97
1754082900000 98.05
1754082960000 97.88
1754083020000 97.89
1754083080000 97.90
1754083140000 97.97
1754083200000 97.55
1754083260000 98.00
1754083320000 99.39
1754083380000 99.29
1754083440000 99.33
1754083500000 99.27
1754083560000 99.33
1754083620000 99.20
1754083680000 99.45
1754083740000 99.14
1754083800000 99.37
1754083860000 99.14
1754083920000 99.33
1754083980000 99.33
1754084040000 99.31
1754084100000 99.25
1754084160000 99.44
1754084220000 99.14
1754084280000 99.37
1754084340000 99.56
1754084400000 99.17
1754084460000 99.33
1754084520000 99.11
1754084580000 99.38
1754084640000 99.44
1754084700000 99.41
1754084760000 99.29
1754084820000 99.42
1754084880000 99.47
1754084940000 99.40
1754085000000 99.40
1754085060000 99.40
1754085120000 98.49
1754085180000 98.20
1754085240000 97.97
1754085300000 98.09
1754085360000 98.14
1754085420000 98.22
1754085480000 98.04
1754085540000 97.83
1754085600000 97.69
1754085660000 97.48
1754085720000 97.67
1754085780000 98.22
1754085840000 98.10
1754085900000 97.70
1754085960000 96.72
1754086020000 97.37
1754086080000 97.06
1754086140000 97.24
1754086200000 97.48
1754086260000 97.52
1754086320000 97.38
1754086380000 97.41
1754086440000 97.11
1754086500000 97.30
1754086560000 97.45
1754086620000 97.06
1754086680000 97.26
1754086740000 97.46
1754086800000 97.50
1754086860000 97.54
1754086920000 97.20
1754086980000 97.14
1754087040000 95.85
1754087100000 96.05
1754087160000 96.90
1754087220000 97.04
1754087280000 92.82
1754087340000 93.98
1754087400000 96.61
1754087460000 95.80
1754087520000 92.91
1754087580000 95.92
1754087640000 96.96
1754087700000 97.82
1754087760000 98.15
1754087820000 98.72
1754087880000 98.45
1754087940000 98.27
1754088000000 98.54
1754088060000 98.41
1754088120000 96.92
1754088180000 97.45
1754088240000 95.55
1754088300000 98.00
1754088360000 98.15
1754088420000 98.88
1754088480000 98.56
1754088540000 98.67
1754088600000 97.75
1754088660000 98.53
1754088720000 98.67
1754088780000 98.46
1754088840000 98.21
1754088900000 98.61
1754088960000 98.74
1754089020000 99.07
1754089080000 98.30
1754089140000 98.87
1754089200000 99.08
1754089260000 98.82
1754089320000 98.92
1754089380000 98.74
1754089440000 98.97
1754089500000 96.98
1754089560000 95.86
1754089620000 96.23
1754089680000 96.12
1754089740000 96.11
1754089800000 96.23
1754089860000 96.31
1754089920000 95.94
1754089980000 96.48
1754090040000 96.35
1754090100000 96.15
1754090160000 95.69
1754090220000 96.29
1754090280000 95.93
1754090340000 95.43
1754090400000 96.36
1754090460000 96.49
1754090520000 96.14
1754090580000 96.28
1754090640000 96.70
1754090700000 96.52
1754090760000 96.53
1754090820000 97.73
1754090880000 97.74
1754090940000 97.27
1754091000000 96.56
1754091060000 96.19
1754091120000 96.50
1754091180000 96.08
1754091240000 96.30
1754091300000 96.35
1754091360000 96.40
1754091420000 96.18
1754091480000 96.42
1754091540000 96.30
1754091600000 96.61
1754091660000 96.34
1754091720000 96.30
1754091780000 98.71
1754091840000 98.96
1754091900000 99.24
1754091960000 99.19
1754092020000 99.26
1754092080000 99.35
1754092140000 98.82
1754092200000 99.24
1754092260000 99.26
1754092320000 99.39
1754092380000 99.33
1754092440000 99.32
1754092500000 98.81
1754092560000 99.40
1754092620000 99.37
1754092680000 99.33
1754092740000 99.51
1754092800000 99.47
1754092860000 98.56
1754092920000 98.62
1754092980000 99.11
1754093040000 99.09
1754093100000 99.08
1754093160000 98.81
1754093220000 98.98
1754093280000 99.36
1754093340000 98.75
1754093400000 99.06
1754093460000 99.14
1754093520000 98.96
1754093580000 97.38
1754093640000 96.03
1754093700000 96.14
1754093760000 96.18
1754093820000 96.21
1754093880000 95.86
1754093940000 96.30
1754094000000 95.92
1754094060000 96.07
1754094120000 95.78
1754094180000 96.23
1754094240000 96.21
1754094300000 96.11
1754094360000 96.00
1754094420000 96.34
1754094480000 95.83
1754094540000 96.33
1754094600000 97.22
1754094660000 97.06
1754094720000 96.87
1754094780000 96.89
1754094840000 96.25
1754094900000 95.94
1754094960000 95.90
1754095020000 95.83
1754095080000 95.69
1754095140000 95.71
1754095200000 95.96
1754095260000 95.63
1754095320000 95.54
1754095380000 95.82
1754095440000 95.27
1754095500000 95.22
1754095560000 95.21
1754095620000 95.46
1754095680000 95.26
1754095740000 95.34
1754095800000 95.49
1754095860000 94.86
1754095920000 94.90
1754095980000 95.20
1754096040000 95.43
1754096100000 95.75
1754096160000 95.85
1754096220000 95.71
1754096280000 96.00
1754096340000 95.99
1754096400000 95.88
1754096460000 95.69
1754096520000 95.94
1754096580000 95.95
1754096640000 95.73
1754096700000 95.66
1754096760000 95.81
1754096820000 95.49
1754096880000 95.98
1754096940000 95.89
1754097000000 95.24
1754097060000 93.89
1754097120000 95.77
1754097180000 97.64
1754097240000 99.10
1754097300000 98.99
1754097360000 99.28
1754097420000 98.95
1754097480000 98.92
1754097540000 99.06
1754097600000 98.92
1754097660000 99.23
1754097720000 99.47
1754097780000 99.23
1754097840000 98.80
1754097900000 99.03
1754097960000 99.32
1754098020000 99.37
1754098080000 99.33
1754098140000 99.43
1754098200000 99.47
1754098260000 99.35
1754098320000 99.52
1754098380000 99.12
1754098440000 99.31
1754098500000 99.29
1754098560000 99.48
1754098620000 99.47
1754098680000 99.08
1754098740000 99.37
1754098800000 99.20
1754098860000 99.44
1754098920000 99.47
1754098980000 99.42
1754099040000 99.48
1754099100000 99.50
1754099160000 99.45
1754099220000 99.47
1754099280000 99.51
1754099340000 99.44
1754099400000 99.36
1754099460000 99.41
1754099520000 99.59
1754099580000 99.31
1754099640000 99.53
1754099700000 99.17
1754099760000 99.47
1754099820000 99.42
1754099880000 99.53
1754099940000 99.37
1754100000000 99.51
1754100060000 99.26
1754100120000 99.57
1754100180000 99.41
1754100240000 99.60
1754100300000 99.44
1754100360000 99.41
1754100420000 99.47
1754100480000 99.57
1754100540000 99.40
1754100600000 99.53
1754100660000 99.09
1754100720000 99.44
1754100780000 99.28
1754100840000 99.47
1754100900000 99.44
1754100960000 99.48
1754101020000 99.37
1754101080000 99.48
1754101140000 99.35
1754101200000 99.47
1754101260000 99.32
1754101320000 99.37
1754101380000 99.03
1754101440000 99.51
1754101500000 99.36
1754101560000 99.28
1754101620000 99.55
1754101680000 99.49
1754101740000 99.32
1754101800000 98.96
1754101860000 99.29
1754101920000 99.54
1754101980000 99.36
1754102040000 99.36
1754102100000 99.39
1754102160000 99.46
1754102220000 99.44
1754102280000 99.49
1754102340000 99.44
1754102400000 99.39
1754102460000 99.53
1754102520000 99.46
1754102580000 99.38
1754102640000 99.38
1754102700000 99.53
1754102760000 99.47
1754102820000 99.41
1754102880000 99.39
1754102940000 99.38
1754103000000 99.25
1754103060000 99.45
1754103120000 99.39
1754103180000 99.49
1754103240000 99.29
1754103300000 99.31
1754103360000 99.37
1754103420000 99.41
1754103480000 99.28
1754103540000 99.23
1754103600000 99.12
1754103660000 99.01
1754103720000 99.01
1754103780000 99.36
1754103840000 99.29
1754103900000 97.75
1754103960000 98.33
1754104020000 98.93
1754104080000 99.08
1754104140000 93.89
1754104200000 99.09
1754104260000 99.24
1754104320000 99.14
1754104380000 99.34
1754104440000 99.20
1754104500000 99.31
1754104560000 99.29
1754104620000 98.99
1754104680000 99.26
1754104740000 99.24
1754104800000 99.31
1754104860000 99.05
1754104920000 99.38
1754104980000 99.17
1754105040000 99.31
1754105100000 99.28
1754105160000 99.39
1754105220000 99.11
1754105280000 99.42
1754105340000 99.32
1754105400000 99.44
1754105460000 99.33
1754105520000 96.98
1754105580000 99.30
1754105640000 99.11
1754105700000 99.25
1754105760000 99.39
1754105820000 99.31
1754105880000 99.04
1754105940000 98.37
1754106000000 99.30
1754106060000 99.33
1754106120000 99.44
1754106180000 99.27
1754106240000 99.35
1754106300000 99.28
1754106360000 99.34
1754106420000 99.19
1754106480000 99.37
1754106540000 99.12
1754106600000 99.47
1754106660000 99.09
1754106720000 98.83
1754106780000 99.23
1754106840000 99.19
1754106900000 99.38
1754106960000 99.30
1754107020000 99.24
1754107080000 99.31
1754107140000 99.32
1754107200000 99.30
1754107260000 98.47
1754107320000 99.24
1754107380000 99.26
1754107440000 99.19
1754107500000 99.20
1754107560000 99.21
1754107620000 99.29
1754107680000 99.39
1754107740000 98.88
1754107800000 99.18
1754107860000 99.28
1754107920000 99.34
1754107980000 99.01
1754108040000 99.31
1754108100000 99.41
1754108160000 99.03
1754108220000 99.43
1754108280000 99.27
1754108340000 99.29
1754108400000 99.29
1754108460000 99.18
1754108520000 99.30
1754108580000 99.24
1754108640000 99.42
1754108700000 99.28
1754108760000 99.09
1754108820000 99.22
1754108880000 99.25
1754108940000 99.21
1754109000000 99.32
1754109060000 99.29
1754109120000 99.30
1754109180000 99.26
1754109240000 98.96
1754109300000 98.74
1754109360000 99.24
1754109420000 99.01
1754109480000 99.33
1754109540000 98.93
1754109600000 99.27
1754109660000 99.23
1754109720000 99.44
1754109780000 99.21
1754109840000 99.17
1754109900000 99.19
1754109960000 99.19
1754110020000 99.28
1754110080000 99.21
1754110140000 99.27
1754110200000 99.23
1754110260000 99.16
1754110320000 99.21
1754110380000 99.18
1754110440000 99.45
1754110500000 99.15
1754110560000 99.15
1754110620000 99.35
1754110680000 99.33
1754110740000 99.01
1754110800000 99.27
1754110860000 99.06
1754110920000 99.32
1754110980000 99.21
1754111040000 99.31
1754111100000 99.24
1754111160000 99.32
1754111220000 99.14
1754111280000 99.30
1754111340000 99.09
1754111400000 99.27
1754111460000 99.29
1754111520000 99.20
1754111580000 99.29
1754111640000 99.18
1754111700000 99.09
1754111760000 99.18
1754111820000 99.07
1754111880000 99.42
1754111940000 99.17
1754112000000 99.41
1754112060000 99.20
1754112120000 99.21
1754112180000 99.37
1754112240000 99.19
1754112300000 99.20
1754112360000 99.37
1754112420000 99.21
1754112480000 99.39
1754112540000 99.30
1754112600000 99.50
1754112660000 99.14
1754112720000 99.30
1754112780000 99.28
1754112840000 99.30
1754112900000 98.85
1754112960000 99.26
1754113020000 99.27
1754113080000 99.31
1754113140000 99.39
1754113200000 99.24
1754113260000 99.35
1754113320000 99.26
1754113380000 99.29
1754113440000 99.31
1754113500000 99.28
1754113560000 99.18
1754113620000 98.98
1754113680000 99.40
1754113740000 99.22
1754113800000 99.29
1754113860000 99.16
1754113920000 99.20
1754113980000 99.35
1754114040000 99.20
1754114100000 99.32
1754114160000 99.14
1754114220000 99.26
1754114280000 99.28
1754114340000 99.22
1754114400000 99.25
1754114460000 99.15
1754114520000 99.34
1754114580000 99.24
1754114640000 98.85
1754114700000 99.08
1754114760000 98.66
1754114820000 99.11
1754114880000 98.92
1754114940000 99.25
1754115000000 99.00
1754115060000 99.13
1754115120000 99.23
1754115180000 99.17
1754115240000 99.35
1754115300000 99.13
1754115360000 98.50
1754115420000 98.40
1754115480000 98.10
1754115540000 98.91
1754115600000 98.84
1754115660000 98.79
1754115720000 98.52
1754115780000 98.83
1754115840000 96.84
1754115900000 98.70
1754115960000 99.10
1754116020000 98.67
1754116080000 98.43
1754116140000 98.90
1754116200000 98.90
1754116260000 98.88
1754116320000 98.83
1754116380000 98.60
1754116440000 98.98
1754116500000 98.85
1754116560000 98.66
1754116620000 99.00
1754116680000 98.66
1754116740000 98.32
1754116800000 98.61
1754116860000 98.40
1754116920000 98.13
1754116980000 98.17
1754117040000 98.54
1754117100000 98.91
1754117160000 98.67
1754117220000 98.37
1754117280000 98.86
1754117340000 98.64
1754117400000 99.01
1754117460000 98.66
1754117520000 98.90
1754117580000 99.10
1754117640000 99.09
1754117700000 99.00
1754117760000 99.02
1754117820000 98.96
1754117880000 99.11
1754117940000 98.92
1754118000000 99.00
1754118060000 98.58
1754118120000 98.64
1754118180000 98.61
1754118240000 98.71
1754118300000 98.45
1754118360000 98.75
1754118420000 98.84
1754118480000 98.91
1754118540000 98.80
1754118600000 98.71
1754118660000 98.28
1754118720000 99.08
1754118780000 99.06
1754118840000 99.07
1754118900000 98.96
1754118960000 99.11
1754119020000 99.13
1754119080000 98.97
1754119140000 98.85
1754119200000 98.88
1754119260000 99.04
1754119320000 98.97
1754119380000 99.14
1754119440000 99.26
1754119500000 98.91
1754119560000 99.18
1754119620000 99.04
1754119680000 99.13
1754119740000 99.23
1754119800000 99.44
1754119860000 98.96
1754119920000 99.05
1754119980000 99.00
1754120040000 99.04
1754120100000 99.18
1754120160000 99.26
1754120220000 99.21
1754120280000 99.12
1754120340000 99.31
1754120400000 99.26
1754120460000 99.23
1754120520000 99.38
1754120580000 99.29
1754120640000 99.38
1754120700000 99.19
1754120760000 99.21
1754120820000 99.03
1754120880000 99.16
1754120940000 99.09
1754121000000 98.86
1754121060000 99.15
1754121120000 99.18
1754121180000 99.28
1754121240000 99.22
1754121300000 98.89
1754121360000 99.18
1754121420000 99.22
1754121480000 99.30
1754121540000 99.39
1754121600000 99.24
1754121660000 99.12
1754121720000 99.35
1754121780000 99.31
1754121840000 99.41
1754121900000 99.43
1754121960000 99.46
1754122020000 99.40
1754122080000 99.52
1754122140000 99.34
1754122200000 99.51
1754122260000 99.33
1754122320000 99.36
1754122380000 99.43
1754122440000 99.56
1754122500000 99.45
1754122560000 99.48
1754122620000 99.41
1754122680000 99.52
1754122740000 99.43
1754122800000 99.49
1754122860000 99.42
1754122920000 99.47
1754122980000 99.17
1754123040000 99.42
1754123100000 99.36
1754123160000 99.39
1754123220000 99.44
1754123280000 99.40
1754123340000 99.42
1754123400000 99.41
1754123460000 99.33
1754123520000 98.94
1754123580000 98.92
1754123640000 99.10
1754123700000 98.46
1754123760000 99.37
1754123820000 99.28
1754123880000 99.43
1754123940000 99.34
1754124000000 99.44
1754124060000 99.35
1754124120000 99.49
1754124180000 99.47
1754124240000 99.39
1754124300000 99.46
1754124360000 99.36
1754124420000 99.27
1754124480000 99.23
1754124540000 99.42
1754124600000 99.30
1754124660000 99.49
1754124720000 99.42
1754124780000 99.42
1754124840000 99.53
1754124900000 99.26
1754124960000 99.54
1754125020000 99.45
1754125080000 99.40
1754125140000 99.48
1754125200000 99.44
1754125260000 99.30
1754125320000 99.34
1754125380000 99.32
1754125440000 99.35
1754125500000 99.40
1754125560000 99.41
1754125620000 99.40
1754125680000 99.39
1754125740000 99.41
1754125800000 99.39
1754125860000 99.43
1754125920000 99.47
1754125980000 99.41
1754126040000 99.49
1754126100000 99.54
1754126160000 99.51
1754126220000 99.46
1754126280000 99.44
1754126340000 99.44
1754126400000 99.18
1754126460000 99.36
1754126520000 99.45
1754126580000 99.32
1754126640000 99.47
1754126700000 99.20
1754126760000 99.28
1754126820000 99.21
1754126880000 99.43
1754126940000 99.30
1754127000000 99.53
1754127060000 99.33
1754127120000 98.93
1754127180000 99.36
1754127240000 99.46
1754127300000 99.45
1754127360000 99.29
1754127420000 99.31
1754127480000 99.52
1754127540000 99.41
1754127600000 99.42
1754127660000 99.42
1754127720000 99.52
1754127780000 99.44
1754127840000 99.50
1754127900000 99.51
1754127960000 99.47
1754128020000 99.50
1754128080000 99.50
1754128140000 99.48
1754128200000 99.60
1754128260000 99.29
1754128320000 99.46
1754128380000 99.37
1754128440000 99.49
1754128500000 99.49
1754128560000 99.61
1754128620000 99.52
1754128680000 99.52
1754128740000 99.54
1754128800000 99.52
1754128860000 99.15
1754128920000 99.49
1754128980000 99.44
1754129040000 99.47
1754129100000 99.31
1754129160000 99.45
1754129220000 99.25
1754129280000 99.42
1754129340000 99.44
1754129400000 99.43
1754129460000 99.36
1754129520000 98.95
1754129580000 99.39
1754129640000 99.53
1754129700000 98.96
1754129760000 99.29
1754129820000 99.28
1754129880000 99.44
1754129940000 99.16
1754130000000 99.22
1754130060000 99.36
1754130120000 99.38
1754130180000 99.31
1754130240000 99.38
1754130300000 99.39
1754130360000 99.48
1754130420000 99.42
1754130480000 99.61
1754130540000 99.32
1754130600000 99.59
1754130660000 99.37
1754130720000 99.52
1754130780000 99.39
1754130840000 99.57
1754130900000 99.33
1754130960000 99.49
1754131020000 99.31
1754131080000 99.48
1754131140000 99.28
1754131200000 99.29
1754131260000 99.30
1754131320000 99.40
1754131380000 99.37
1754131440000 99.41
1754131500000 99.35
1754131560000 99.18
1754131620000 99.17
1754131680000 99.47
1754131740000 99.47
1754131800000 99.39
1754131860000 99.37
1754131920000 99.47
1754131980000 99.43
1754132040000 99.51
1754132100000 99.29
1754132160000 99.17
1754132220000 98.54
1754132280000 98.41
1754132340000 98.52
1754132400000 98.64
1754132460000 98.48
1754132520000 98.55
1754132580000 98.41
1754132640000 98.36
1754132700000 98.25
1754132760000 98.20
1754132820000 98.41
1754132880000 98.43
1754132940000 98.27
1754133000000 98.48
1754133060000 98.13
1754133120000 98.42
1754133180000 98.33
1754133240000 98.45
1754133300000 98.61
1754133360000 98.39
1754133420000 98.33
1754133480000 98.39
1754133540000 98.49
1754133600000 98.35
1754133660000 98.05
1754133720000 98.46
1754133780000 98.53
1754133840000 98.67
1754133900000 98.48
1754133960000 98.48
1754134020000 97.96
1754134080000 98.10
1754134140000 97.73
1754134200000 98.11
1754134260000 98.67
1754134320000 98.95
1754134380000 97.96
1754134440000 98.60
1754134500000 99.45
1754134560000 99.33
1754134620000 99.31
1754134680000 99.51
1754134740000 99.39
1754134800000 99.42
1754134860000 99.44
1754134920000 99.46
1754134980000 99.46
1754135040000 99.44
1754135100000 99.33
1754135160000 99.01
1754135220000 99.22
1754135280000 99.32
1754135340000 99.12
1754135400000 99.42
1754135460000 99.39
1754135520000 99.03
1754135580000 99.51
1754135640000 99.55
1754135700000 99.51
1754135760000 99.46
1754135820000 99.51
1754135880000 99.54
1754135940000 99.34
1754136000000 99.66
1754136060000 99.35
1754136120000 99.54
1754136180000 99.37
1754136240000 99.33
1754136300000 99.37
1754136360000 99.53
1754136420000 99.44
1754136480000 99.43
1754136540000 99.43
1754136600000 99.47
1754136660000 99.46
1754136720000 99.46
1754136780000 99.45
1754136840000 99.52
1754136900000 99.41
1754136960000 99.44
1754137020000 99.41
1754137080000 99.45
1754137140000 99.37
1754137200000 99.51
1754137260000 99.18
1754137320000 99.35
1754137380000 99.25
1754137440000 99.48
1754137500000 99.42
1754137560000 99.45
1754137620000 99.46
1754137680000 99.45
1754137740000 99.45
1754137800000 99.43
1754137860000 99.37
1754137920000 99.28
1754137980000 99.41
1754138040000 99.48
1754138100000 99.30
1754138160000 99.33
1754138220000 99.30
1754138280000 99.52
1754138340000 99.39
1754138400000 99.49
1754138460000 99.50
1754138520000 99.51
1754138580000 99.26
1754138640000 99.29
1754138700000 99.45
1754138760000 99.47
1754138820000 99.29
1754138880000 99.46
1754138940000 99.24
1754139000000 99.49
1754139060000 99.49
1754139120000 99.40
1754139180000 99.43
1754139240000 99.44
1754139300000 99.43
1754139360000 99.51
1754139420000 99.47
1754139480000 99.55
1754139540000 99.52
1754139600000 99.55
1754139660000 99.31
1754139720000 99.47
1754139780000 99.50
1754139840000 99.21
1754139900000 99.18
1754139960000 99.39
1754140020000 99.46
1754140080000 99.39
1754140140000 99.43
1754140200000 99.40
1754140260000 99.50
1754140320000 99.27
1754140380000 99.30
1754140440000 99.38
1754140500000 99.51
1754140560000 99.43
1754140620000 99.57
1754140680000 99.37
1754140740000 99.49
1754140800000 99.49
1754140860000 99.45
1754140920000 99.36
1754140980000 99.53
1754141040000 99.54
1754141100000 99.57
1754141160000 99.46
1754141220000 99.57
1754141280000 99.25
1754141340000 98.59
1754141400000 98.52
1754141460000 98.21
1754141520000 98.14
1754141580000 98.14
1754141640000 98.46
1754141700000 98.32
1754141760000 98.44
1754141820000 98.65
1754141880000 98.47
1754141940000 98.61
1754142000000 98.57
1754142060000 98.61
1754142120000 98.50
1754142180000 98.66
1754142240000 98.70
1754142300000 98.72
1754142360000 98.50
1754142420000 98.67
1754142480000 98.42
1754142540000 98.78
1754142600000 98.74
1754142660000 98.45
1754142720000 98.60
1754142780000 98.52
1754142840000 98.68
1754142900000 98.77
1754142960000 98.62
1754143020000 98.38
1754143080000 98.59
1754143140000 98.45
1754143200000 98.72
1754143260000 98.50
1754143320000 98.61
1754143380000 98.70
1754143440000 98.63
1754143500000 98.48
1754143560000 98.21
1754143620000 98.73
1754143680000 98.90
1754143740000 99.45
1754143800000 99.29
1754143860000 99.29
1754143920000 99.30
1754143980000 99.43
1754144040000 99.42
1754144100000 99.53
1754144160000 99.11
1754144220000 99.05
1754144280000 99.27
1754144340000 99.42
1754144400000 98.98
1754144460000 98.68
1754144520000 99.08
1754144580000 99.27
1754144640000 99.11
1754144700000 99.36
1754144760000 99.34
1754144820000 99.39
1754144880000 99.36
1754144940000 99.29
1754145000000 99.44
1754145060000 99.27
1754145120000 99.08
1754145180000 98.75
1754145240000 98.92
1754145300000 98.98
1754145360000 98.83
1754145420000 98.58
1754145480000 98.05
1754145540000 98.64
1754145600000 99.13
1754145660000 98.93
1754145720000 98.41
1754145780000 98.57
1754145840000 99.00
1754145900000 98.88
1754145960000 99.15
1754146020000 99.34
1754146080000 99.11
1754146140000 99.12
1754146200000 99.11
1754146260000 99.10
1754146320000 99.19
1754146380000 98.79
1754146440000 98.77
1754146500000 98.97
1754146560000 99.20
1754146620000 99.27
1754146680000 99.01
1754146740000 99.19
1754146800000 99.24
1754146860000 98.61
1754146920000 98.96
1754146980000 99.18
1754147040000 99.21
1754147100000 99.16
1754147160000 99.16
1754147220000 99.37
1754147280000 99.33
1754147340000 99.19
1754147400000 99.03
1754147460000 99.06
1754147520000 98.57
1754147580000 97.81
1754147640000 98.43
1754147700000 97.99
1754147760000 98.68
1754147820000 97.73
1754147880000 98.57
1754147940000 98.09
1754148000000 97.89
1754148060000 99.41
1754148120000 99.31
1754148180000 99.14
1754148240000 99.34
1754148300000 99.45
1754148360000 99.39
1754148420000 99.29
1754148480000 99.24
1754148540000 99.38
1754148600000 99.26
1754148660000 99.27
1754148720000 98.50
1754148780000 98.87
1754148840000 98.39
1754148900000 98.54
1754148960000 99.05
1754149020000 99.17
1754149080000 99.29
1754149140000 99.24
1754149200000 99.21
1754149260000 99.36
1754149320000 99.35
1754149380000 99.37
1754149440000 99.33
1754149500000 99.36
1754149560000 99.20
1754149620000 99.14
1754149680000 99.19
1754149740000 99.29
1754149800000 98.47
1754149860000 98.13
1754149920000 98.92
1754149980000 98.93
1754150040000 99.09
1754150100000 99.23
1754150160000 99.16
1754150220000 98.82
1754150280000 99.19
1754150340000 97.56
1754150400000 99.11
1754150460000 98.57
1754150520000 98.94
1754150580000 99.11
1754150640000 99.01
1754150700000 99.26
1754150760000 99.06
1754150820000 98.97
1754150880000 98.96
1754150940000 99.06
1754151000000 98.60
1754151060000 98.97
1754151120000 98.91
1754151180000 98.95
1754151240000 99.23
1754151300000 99.15
1754151360000 99.16
1754151420000 98.67
1754151480000 99.06
1754151540000 99.11
1754151600000 98.80
1754151660000 98.80
1754151720000 99.34
1754151780000 99.24
1754151840000 99.22
1754151900000 99.29
1754151960000 99.15
1754152020000 98.96
1754152080000 99.18
1754152140000 99.35
1754152200000 99.39
1754152260000 99.28
1754152320000 98.83
1754152380000 98.60
1754152440000 98.82
1754152500000 98.12
1754152560000 98.76
1754152620000 99.15
1754152680000 99.07
1754152740000 99.10
1754152800000 99.16
1754152860000 98.62
1754152920000 98.39
1754152980000 98.97
1754153040000 99.36
1754153100000 98.65
1754153160000 99.24
1754153220000 99.00
1754153280000 98.77
1754153340000 99.00
1754153400000 99.25
1754153460000 99.24
1754153520000 99.18
1754153580000 99.26
1754153640000 99.40
1754153700000 99.13
1754153760000 99.25
1754153820000 98.98
1754153880000 99.32
1754153940000 99.34
1754154000000 99.44
1754154060000 98.72
1754154120000 99.32
1754154180000 99.34
1754154240000 99.39
1754154300000 98.72
1754154360000 98.77
1754154420000 98.80
1754154480000 98.89
1754154540000 98.85
1754154600000 98.53
1754154660000 98.79
1754154720000 98.79
1754154780000 99.16
1754154840000 98.91
1754154900000 98.78
1754154960000 98.91
1754155020000 98.93
1754155080000 98.98
1754155140000 98.88
1754155200000 99.02
1754155260000 98.87
1754155320000 98.90
1754155380000 98.70
1754155440000 98.92
1754155500000 98.41
1754155560000 98.97
1754155620000 99.39
1754155680000 99.33
1754155740000 99.48
1754155800000 99.43
1754155860000 99.48
1754155920000 99.32
1754155980000 99.25
1754156040000 99.37
1754156100000 98.98
1754156160000 99.42
1754156220000 99.41
1754156280000 99.13
1754156340000 98.99
1754156400000 97.69
1754156460000 98.65
1754156520000 98.93
1754156580000 99.44
1754156640000 99.14
1754156700000 99.26
1754156760000 99.01
1754156820000 98.98
1754156880000 98.88
1754156940000 99.04
1754157000000 97.57
1754157060000 98.80
1754157120000 98.71
1754157180000 95.92
1754157240000 97.72
1754157300000 98.71
1754157360000 98.64
1754157420000 99.11
1754157480000 99.19
1754157540000 99.19
1754157600000 99.03
1754157660000 98.81
1754157720000 99.13
1754157780000 99.29
1754157840000 99.19
1754157900000 99.15
1754157960000 98.82
1754158020000 99.17
1754158080000 98.63
1754158140000 98.68
1754158200000 98.46
1754158260000 98.88
1754158320000 99.06
1754158380000 99.18
1754158440000 99.06
1754158500000 98.30
1754158560000 98.43
1754158620000 98.93
1754158680000 98.39
1754158740000 96.01
1754158800000 97.78
1754158860000 97.97
1754158920000 98.25
1754158980000 98.16
1754159040000 98.31
1754159100000 98.88
1754159160000 98.17
1754159220000 98.66
1754159280000 96.87
1754159340000 98.18
1754159400000 98.70
1754159460000 98.49
1754159520000 98.39
1754159580000 97.97
1754159640000 98.49
1754159700000 97.81
1754159760000 97.62
1754159820000 98.16
1754159880000 98.07
1754159940000 98.21
1754160000000 98.16
1754160060000 98.29
1754160120000 98.33
1754160180000 98.38
1754160240000 98.28
1754160300000 98.77
1754160360000 98.42
1754160420000 98.82
1754160480000 98.26
1754160540000 98.51
1754160600000 98.51
1754160660000 98.90
1754160720000 98.09
1754160780000 98.69
1754160840000 98.41
1754160900000 98.79
1754160960000 98.93
1754161020000 98.30
1754161080000 98.92
1754161140000 98.25
1754161200000 98.93
1754161260000 98.62
1754161320000 99.12
1754161380000 98.67
1754161440000 98.91
1754161500000 99.03
1754161560000 98.99
1754161620000 98.90
1754161680000 97.25
1754161740000 98.76
1754161800000 99.14
1754161860000 99.29
1754161920000 99.03
1754161980000 98.48
1754162040000 97.68
1754162100000 98.34
1754162160000 98.25
1754162220000 98.33
1754162280000 98.51
1754162340000 98.21
1754162400000 98.08
1754162460000 98.69
1754162520000 98.48
1754162580000 98.35
1754162640000 98.56
1754162700000 98.58
1754162760000 97.75
1754162820000 96.61
1754162880000 98.17
1754162940000 97.89
1754163000000 98.50
1754163060000 98.11
1754163120000 98.05
1754163180000 98.42
1754163240000 98.65
1754163300000 98.03
1754163360000 98.15
1754163420000 98.10
1754163480000 98.43
1754163540000 98.18
1754163600000 98.52
1754163660000 98.93
1754163720000 98.52
1754163780000 98.70
1754163840000 99.06
1754163900000 98.60
1754163960000 99.41
1754164020000 99.17
1754164080000 99.00
1754164140000 98.64
1754164200000 99.20
1754164260000 98.90
1754164320000 99.31
1754164380000 99.27
1754164440000 99.32
1754164500000 99.16
1754164560000 99.27
1754164620000 98.92
1754164680000 99.26
1754164740000 99.48
1754164800000 99.11
1754164860000 99.00
1754164920000 99.29
1754164980000 99.36
1754165040000 99.31
1754165100000 99.24
1754165160000 99.21
1754165220000 99.36
1754165280000 99.25
1754165340000 99.06
1754165400000 99.20
1754165460000 98.97
1754165520000 99.21
1754165580000 99.20
1754165640000 99.31
1754165700000 99.39
1754165760000 99.19
1754165820000 99.19
1754165880000 99.02
1754165940000 99.29
1754166000000 99.24
1754166060000 99.04
1754166120000 99.01
1754166180000 99.22
1754166240000 99.37
1754166300000 99.39
1754166360000 99.11
1754166420000 99.34
1754166480000 99.34
1754166540000 99.41
1754166600000 99.37
1754166660000 99.30
1754166720000 99.22
1754166780000 99.31
1754166840000 99.46
1754166900000 99.44
1754166960000 99.19
1754167020000 99.40
1754167080000 99.43
1754167140000 99.51
1754167200000 99.44
1754167260000 99.41
1754167320000 99.40
1754167380000 99.52
1754167440000 99.48
1754167500000 99.49
1754167560000 99.45
1754167620000 99.31
1754167680000 99.28
1754167740000 99.49
1754167800000 99.49
1754167860000 99.37
1754167920000 99.34
1754167980000 99.48
1754168040000 99.40
1754168100000 99.26
1754168160000 99.13
1754168220000 99.31
1754168280000 99.01
1754168340000 99.22
1754168400000 99.15
1754168460000 98.33
1754168520000 98.90
1754168580000 98.93
1754168640000 98.88
1754168700000 98.69
1754168760000 99.07
1754168820000 99.04
1754168880000 98.90
1754168940000 99.30
1754169000000 99.32
1754169060000 99.41
1754169120000 98.99
1754169180000 98.97
1754169240000 98.83
1754169300000 98.31
1754169360000 98.49
1754169420000 98.57
1754169480000 98.34
1754169540000 98.45
1754169600000 98.40
1754169660000 98.31
1754169720000 98.43
1754169780000 98.55
1754169840000 98.53
1754169900000 98.57
1754169960000 98.66
1754170020000 98.53
1754170080000 98.36
1754170140000 98.60
1754170200000 98.20
1754170260000 98.19
1754170320000 98.22
1754170380000 98.36
1754170440000 98.28
1754170500000 98.26
1754170560000 98.22
1754170620000 98.27
1754170680000 98.20
1754170740000 98.20
1754170800000 98.18
1754170860000 98.12
1754170920000 98.37
1754170980000 98.34
1754171040000 98.30
1754171100000 98.46
1754171160000 98.40
1754171220000 98.24
1754171280000 98.07
1754171340000 98.31
1754171400000 98.55
1754171460000 98.67
1754171520000 98.70
1754171580000 98.65
1754171640000 98.38
1754171700000 98.50
1754171760000 98.62
1754171820000 98.65
1754171880000 98.60
1754171940000 97.63
1754172000000 98.47
1754172060000 98.24
1754172120000 98.52
1754172180000 98.60
1754172240000 98.19
1754172300000 98.46
1754172360000 98.48
1754172420000 98.65
1754172480000 98.49
1754172540000 98.52
1754172600000 98.55
1754172660000 98.88
1754172720000 99.47
1754172780000 99.54
1754172840000 99.45
1754172900000 99.04
1754172960000 98.99
1754173020000 99.16
1754173080000 99.03
1754173140000 99.18
1754173200000 97.64
1754173260000 97.46
1754173320000 97.23
1754173380000 97.95
1754173440000 97.86
1754173500000 97.92
1754173560000 97.80
1754173620000 97.91
1754173680000 97.53
1754173740000 97.31
1754173800000 97.78
1754173860000 97.79
1754173920000 97.74
1754173980000 97.90
1754174040000 97.94
1754174100000 99.33
1754174160000 99.39
1754174220000 99.32
1754174280000 99.39
1754174340000 99.44
1754174400000 99.26
1754174460000 99.33
1754174520000 99.34
1754174580000 99.34
1754174640000 99.30
1754174700000 99.51
1754174760000 99.50
1754174820000 99.33
1754174880000 99.46
1754174940000 99.41
1754175000000 98.94
1754175060000 99.35
1754175120000 99.34
1754175180000 99.40
1754175240000 99.44
1754175300000 99.54
1754175360000 99.29
1754175420000 99.28
1754175480000 99.31
1754175540000 99.47
1754175600000 99.44
1754175660000 99.21
1754175720000 99.22
1754175780000 99.11
1754175840000 97.86
1754175900000 97.86
1754175960000 97.80
1754176020000 97.85
1754176080000 97.85
1754176140000 97.56
1754176200000 97.69
1754176260000 97.26
1754176320000 97.77
1754176380000 97.56
1754176440000 97.49
1754176500000 97.42
1754176560000 97.18
1754176620000 97.51
1754176680000 97.54
1754176740000 97.27
1754176800000 97.57
1754176860000 96.80
1754176920000 96.72
1754176980000 96.79
1754177040000 97.42
1754177100000 97.69
1754177160000 97.75
1754177220000 97.38
1754177280000 97.41
1754177340000 97.71
1754177400000 97.32
1754177460000 97.31
1754177520000 97.57
1754177580000 97.67
1754177640000 97.59
1754177700000 97.62
1754177760000 97.60
1754177820000 97.72
1754177880000 96.93
1754177940000 95.76
1754178000000 97.32
1754178060000 96.93
1754178120000 97.01
1754178180000 97.56
1754178240000 97.28
1754178300000 97.69
1754178360000 97.81
1754178420000 97.36
1754178480000 97.66
1754178540000 97.78
1754178600000 97.67
1754178660000 97.72
1754178720000 97.67
1754178780000 97.50
1754178840000 97.56
1754178900000 97.84
1754178960000 97.63
1754179020000 97.98
1754179080000 97.77
1754179140000 97.83
1754179200000 97.74
1754179260000 97.14
1754179320000 96.13
1754179380000 95.73
1754179440000 95.95
1754179500000 95.98
1754179560000 95.95
1754179620000 96.02
1754179680000 95.70
1754179740000 96.01
1754179800000 96.09
1754179860000 95.80
1754179920000 95.75
1754179980000 95.90
1754180040000 95.87
1754180100000 95.83
1754180160000 95.90
1754180220000 95.89
1754180280000 95.79
1754180340000 96.04
1754180400000 95.96
1754180460000 96.13
1754180520000 95.80
1754180580000 95.31
1754180640000 95.52
1754180700000 95.63
1754180760000 95.56
1754180820000 96.17
1754180880000 95.96
1754180940000 97.62
1754181000000 97.51
1754181060000 97.49
1754181120000 97.00
1754181180000 97.23
1754181240000 97.39
1754181300000 97.67
1754181360000 97.65
1754181420000 97.20
1754181480000 92.97
1754181540000 95.47
1754181600000 96.40
1754181660000 97.16
1754181720000 97.23
1754181780000 96.76
1754181840000 96.10
1754181900000 97.08
1754181960000 97.02
1754182020000 97.23
1754182080000 97.21
1754182140000 97.27
1754182200000 97.15
1754182260000 97.29
1754182320000 97.36
1754182380000 97.36
1754182440000 97.57
1754182500000 97.83
1754182560000 97.55
1754182620000 97.60
1754182680000 97.67
1754182740000 97.62
1754182800000 97.79
1754182860000 97.59
1754182920000 97.41
1754182980000 97.67
1754183040000 97.18
1754183100000 97.74
1754183160000 97.63
1754183220000 97.63
1754183280000 97.78
1754183340000 97.24
1754183400000 97.33
1754183460000 97.64
1754183520000 97.82
1754183580000 97.85
1754183640000 97.69
1754183700000 97.66
1754183760000 97.73
1754183820000 97.66
1754183880000 97.65
1754183940000 97.84
1754184000000 97.72
1754184060000 97.82
1754184120000 97.66
1754184180000 97.94
1754184240000 97.46
1754184300000 97.78
1754184360000 97.88
1754184420000 97.67
1754184480000 97.17
1754184540000 97.98
1754184600000 97.62
1754184660000 97.69
1754184720000 97.14
1754184780000 97.96
1754184840000 97.73
1754184900000 97.69
1754184960000 97.45
1754185020000 97.94
1754185080000 97.83
1754185140000 97.65
1754185200000 97.69
1754185260000 97.54
1754185320000 97.71
1754185380000 97.76
1754185440000 97.87
1754185500000 97.93
1754185560000 97.68
1754185620000 97.74
1754185680000 97.72
1754185740000 97.91
1754185800000 97.64
1754185860000 97.96
1754185920000 97.95
1754185980000 97.84
1754186040000 97.69
1754186100000 97.93
1754186160000 97.93
1754186220000 97.97
1754186280000 97.80
1754186340000 97.89
1754186400000 97.93
1754186460000 97.63
1754186520000 97.72
1754186580000 97.82
1754186640000 97.96
1754186700000 97.43
1754186760000 97.64
1754186820000 97.80
1754186880000 97.58
1754186940000 97.74
1754187000000 97.87
1754187060000 97.83
1754187120000 97.52
1754187180000 97.50
1754187240000 97.55
1754187300000 97.84
1754187360000 97.75
1754187420000 97.79
1754187480000 97.72
1754187540000 97.74
1754187600000 97.97
1754187660000 97.89
1754187720000 97.67
1754187780000 97.71
1754187840000 97.86
1754187900000 97.86
1754187960000 97.63
1754188020000 97.91
1754188080000 97.64
1754188140000 98.09
1754188200000 97.70
1754188260000 97.32
1754188320000 97.73
1754188380000 97.75
1754188440000 97.44
1754188500000 96.52
1754188560000 96.35
1754188620000 96.34
1754188680000 95.59
1754188740000 96.10
1754188800000 96.21
1754188860000 96.12
1754188920000 96.15
1754188980000 95.84
1754189040000 95.78
1754189100000 96.07
1754189160000 95.74
1754189220000 96.04
1754189280000 96.08
1754189340000 96.08
1754189400000 95.94
1754189460000 95.97
1754189520000 96.37
1754189580000 96.19
1754189640000 96.34
1754189700000 96.29
1754189760000 96.20
1754189820000 95.95
1754189880000 96.00
1754189940000 96.10
1754190000000 97.41
1754190060000 97.44
1754190120000 97.58
1754190180000 97.79
1754190240000 97.67
1754190300000 97.99
1754190360000 98.04
1754190420000 97.88
1754190480000 97.68
1754190540000 97.93
1754190600000 97.50
1754190660000 97.45
1754190720000 97.73
1754190780000 97.97
1754190840000 97.91
1754190900000 98.00
1754190960000 97.77
1754191020000 97.65
1754191080000 97.59
1754191140000 98.00
1754191200000 97.86
1754191260000 98.03
1754191320000 97.86
1754191380000 97.57
1754191440000 97.76
1754191500000 97.91
1754191560000 95.50
1754191620000 97.70
1754191680000 97.81
1754191740000 96.87
1754191800000 96.53
1754191860000 96.50
1754191920000 96.30
1754191980000 96.85
1754192040000 96.56
1754192100000 96.25
1754192160000 95.96
1754192220000 96.49
1754192280000 96.23
1754192340000 96.51
1754192400000 96.06
1754192460000 96.35
1754192520000 96.21
1754192580000 96.09
1754192640000 96.30
1754192700000 96.50
1754192760000 96.63
1754192820000 96.47
1754192880000 96.61
1754192940000 96.22
1754193000000 96.41
1754193060000 96.68
1754193120000 96.52
1754193180000 96.59
1754193240000 96.43
1754193300000 96.23
1754193360000 96.26
1754193420000 97.72
1754193480000 98.21
1754193540000 98.69
1754193600000 99.43
1754193660000 98.91
1754193720000 99.21
1754193780000 99.46
1754193840000 99.55
1754193900000 99.33
1754193960000 99.32
1754194020000 99.41
1754194080000 99.50
1754194140000 99.46
1754194200000 99.46
1754194260000 99.53
1754194320000 99.58
1754194380000 99.51
1754194440000 99.54
1754194500000 99.44
1754194560000 99.46
1754194620000 99.44
1754194680000 99.40
1754194740000 99.44
1754194800000 99.18
1754194860000 99.44
1754194920000 99.40
1754194980000 99.48
1754195040000 99.42
1754195100000 99.49
1754195160000 99.51
1754195220000 99.51
1754195280000 99.57
1754195340000 99.33
1754195400000 99.57
1754195460000 99.43
1754195520000 99.44
1754195580000 99.39
1754195640000 99.45
1754195700000 99.26
1754195760000 99.26
1754195820000 99.53
1754195880000 99.61
1754195940000 99.52
1754196000000 99.48
1754196060000 99.53
1754196120000 99.60
1754196180000 98.94
1754196240000 99.53
1754196300000 99.56
1754196360000 99.42
1754196420000 99.59
1754196480000 99.56
1754196540000 99.53
1754196600000 99.48
1754196660000 99.32
1754196720000 99.49
1754196780000 99.49
1754196840000 99.63
1754196900000 99.58
1754196960000 99.57
1754197020000 99.56
1754197080000 99.39
1754197140000 99.54
1754197200000 99.56
1754197260000 99.32
1754197320000 99.35
1754197380000 99.50
1754197440000 99.41
1754197500000 99.32
1754197560000 99.47
1754197620000 99.01
1754197680000 99.30
1754197740000 99.37
1754197800000 99.38
1754197860000 99.49
1754197920000 99.44
1754197980000 99.47
1754198040000 99.57
1754198100000 99.58
1754198160000 99.51
1754198220000 99.53
1754198280000 99.45
1754198340000 99.38
1754198400000 99.48
1754198460000 99.42
1754198520000 99.42
1754198580000 99.46
1754198640000 99.52
1754198700000 99.48
1754198760000 99.26
1754198820000 99.41
1754198880000 99.41
1754198940000 99.51
1754199000000 99.37
1754199060000 99.54
1754199120000 99.50
1754199180000 99.37
1754199240000 99.42
1754199300000 99.42
1754199360000 99.39
1754199420000 99.43
1754199480000 98.72
1754199540000 97.70
1754199600000 98.95
1754199660000 99.43
1754199720000 99.49
1754199780000 99.62
1754199840000 99.63
1754199900000 99.49
1754199960000 99.40
1754200020000 99.48
1754200080000 99.35
1754200140000 99.52
1754200200000 99.51
1754200260000 99.53
1754200320000 99.51
1754200380000 99.51
1754200440000 99.52
1754200500000 99.50
1754200560000 99.50
1754200620000 99.60
1754200680000 99.59
1754200740000 99.51
1754200800000 99.54
1754200860000 99.43
1754200920000 99.38
1754200980000 99.52
1754201040000 97.34
1754201100000 99.49
1754201160000 99.49
1754201220000 99.57
1754201280000 99.45
1754201340000 99.35
1754201400000 99.38
1754201460000 99.44
1754201520000 99.49
1754201580000 99.48
1754201640000 99.42
1754201700000 99.37
1754201760000 99.39
1754201820000 99.62
1754201880000 99.45
1754201940000 99.40
1754202000000 99.53
1754202060000 99.56
1754202120000 99.34
1754202180000 99.52
1754202240000 99.45
1754202300000 99.52
1754202360000 99.52
1754202420000 99.51
1754202480000 99.42
1754202540000 99.59
1754202600000 99.54
1754202660000 99.42
1754202720000 99.49
1754202780000 99.52
1754202840000 99.46
1754202900000 99.46
1754202960000 99.47
1754203020000 99.48
1754203080000 99.03
1754203140000 99.17
1754203200000 99.58
1754203260000 99.42
1754203320000 99.46
1754203380000 99.54
1754203440000 99.54
1754203500000 99.54
1754203560000 99.53
1754203620000 99.52
1754203680000 99.46
1754203740000 99.50
1754203800000 99.40
1754203860000 99.51
1754203920000 99.57
1754203980000 99.59
1754204040000 99.58
1754204100000 99.55
1754204160000 99.61
1754204220000 99.45
1754204280000 99.51
1754204340000 99.54
1754204400000 99.62
1754204460000 99.14
1754204520000 99.44
1754204580000 99.34
1754204640000 99.45
1754204700000 99.46
1754204760000 99.43
1754204820000 99.42
1754204880000 99.53
1754204940000 99.44
1754205000000 99.47
1754205060000 99.44
1754205120000 99.41
1754205180000 99.43
1754205240000 99.53
1754205300000 99.45
1754205360000 99.53
1754205420000 99.40
1754205480000 99.39
1754205540000 99.47
1754205600000 99.35
1754205660000 99.42
1754205720000 99.43
1754205780000 99.45
1754205840000 99.32
1754205900000 99.37
1754205960000 99.40
1754206020000 99.44
1754206080000 99.44
1754206140000 99.16
1754206200000 99.46
1754206260000 99.40
1754206320000 99.01
1754206380000 99.04
1754206440000 98.76
1754206500000 99.45
1754206560000 99.43
1754206620000 99.43
1754206680000 99.27
1754206740000 99.43
1754206800000 99.22
1754206860000 99.26
1754206920000 99.49
1754206980000 99.52
1754207040000 99.52
1754207100000 99.57
1754207160000 99.38
1754207220000 99.43
1754207280000 99.39
1754207340000 99.43
1754207400000 99.37
1754207460000 99.47
1754207520000 99.41
1754207580000 99.42
1754207640000 99.39
1754207700000 99.47
1754207760000 99.47
1754207820000 99.47
1754207880000 99.46
1754207940000 99.34
1754208000000 99.40
1754208060000 99.12
1754208120000 99.34
1754208180000 99.39
1754208240000 99.42
1754208300000 99.45
1754208360000 99.38
1754208420000 99.44
1754208480000 99.31
1754208540000 99.22
1754208600000 99.40
1754208660000 99.46
1754208720000 98.75
1754208780000 99.44
1754208840000 99.23
1754208900000 99.23
1754208960000 99.09
1754209020000 99.35
1754209080000 99.37
1754209140000 99.41
1754209200000 99.45
1754209260000 99.48
1754209320000 99.37
1754209380000 99.48
1754209440000 99.41
1754209500000 99.34
1754209560000 99.40
1754209620000 99.47
1754209680000 99.35
1754209740000 99.44
1754209800000 99.40
1754209860000 99.48
1754209920000 99.14
1754209980000 99.30
1754210040000 99.44
1754210100000 99.53
1754210160000 99.23
1754210220000 97.87
1754210280000 99.33
1754210340000 99.54
1754210400000 99.38
1754210460000 99.46
1754210520000 99.34
1754210580000 99.34
1754210640000 99.41
1754210700000 99.31
1754210760000 99.35
1754210820000 99.37
1754210880000 99.29
1754210940000 99.22
1754211000000 99.30
1754211060000 99.19
1754211120000 99.43
1754211180000 99.40
1754211240000 99.39
1754211300000 99.50
1754211360000 99.34
1754211420000 99.00
1754211480000 99.31
1754211540000 99.36
1754211600000 99.54
1754211660000 99.26
1754211720000 99.45
1754211780000 99.49
1754211840000 99.43
1754211900000 99.46
1754211960000 99.52
1754212020000 99.52
1754212080000 99.47
1754212140000 99.44
1754212200000 99.59
1754212260000 99.51
1754212320000 99.47
1754212380000 99.55
1754212440000 99.61
1754212500000 99.54
1754212560000 99.47
1754212620000 99.45
1754212680000 99.50
1754212740000 99.55
1754212800000 99.48
1754212860000 99.52
1754212920000 99.58
1754212980000 99.44
1754213040000 99.56
1754213100000 99.52
1754213160000 99.57
1754213220000 99.52
1754213280000 99.57
1754213340000 99.38
1754213400000 99.55
1754213460000 99.50
1754213520000 99.63
1754213580000 99.46
1754213640000 99.39
1754213700000 99.59
1754213760000 99.54
1754213820000 99.52
1754213880000 99.48
1754213940000 99.50
1754214000000 99.46
1754214060000 99.54
1754214120000 99.45
1754214180000 99.48
1754214240000 99.55
1754214300000 99.45
1754214360000 99.49
1754214420000 99.28
1754214480000 99.51
1754214540000 99.18
1754214600000 99.53
1754214660000 99.49
1754214720000 99.52
1754214780000 99.09
1754214840000 99.59
1754214900000 99.56
1754214960000 99.56
1754215020000 99.52
1754215080000 99.54
1754215140000 99.60
1754215200000 99.24
1754215260000 98.83
1754215320000 99.45
1754215380000 99.43
1754215440000 99.22
1754215500000 99.34
1754215560000 99.49
1754215620000 99.29
1754215680000 99.46
1754215740000 99.37
1754215800000 99.38
1754215860000 99.47
1754215920000 99.35
1754215980000 99.31
1754216040000 99.31
1754216100000 99.40
1754216160000 99.16
1754216220000 99.52
1754216280000 99.37
1754216340000 99.55
1754216400000 99.49
1754216460000 99.29
1754216520000 99.47
1754216580000 99.22
1754216640000 99.35
1754216700000 99.51
1754216760000 99.52
1754216820000 99.46
1754216880000 99.52
1754216940000 99.40
1754217000000 99.52
1754217060000 99.34
1754217120000 99.47
1754217180000 98.82
1754217240000 99.49
1754217300000 99.32
1754217360000 99.37
1754217420000 99.03
1754217480000 99.55
1754217540000 99.31
1754217600000 99.07
1754217660000 99.53
1754217720000 99.05
1754217780000 99.49
1754217840000 99.55
1754217900000 99.39
1754217960000 99.28
1754218020000 99.41
1754218080000 99.21
1754218140000 99.19
1754218200000 99.33
1754218260000 99.21
1754218320000 99.36
1754218380000 99.52
1754218440000 99.45
1754218500000 99.53
1754218560000 99.41
1754218620000 99.56
1754218680000 99.46
1754218740000 99.49
1754218800000 99.37
1754218860000 99.18
1754218920000 99.43
1754218980000 99.24
1754219040000 99.44
1754219100000 99.36
1754219160000 99.22
1754219220000 99.49
1754219280000 99.11
1754219340000 99.23
1754219400000 99.01
1754219460000 99.11
1754219520000 98.58
1754219580000 98.67
1754219640000 98.07
1754219700000 98.39
1754219760000 98.35
1754219820000 98.94
1754219880000 99.20
1754219940000 99.09
1754220000000 99.26
1754220060000 99.23
1754220120000 99.21
1754220180000 99.21
1754220240000 99.24
1754220300000 98.68
1754220360000 98.93
1754220420000 99.27
1754220480000 99.39
1754220540000 99.36
1754220600000 99.09
1754220660000 98.90
1754220720000 99.20
1754220780000 99.33
1754220840000 99.44
1754220900000 99.26
1754220960000 99.18
1754221020000 99.30
1754221080000 99.41
1754221140000 99.34
1754221200000 99.43
1754221260000 99.40
1754221320000 99.30
1754221380000 99.44
1754221440000 99.46
1754221500000 99.47
1754221560000 99.42
1754221620000 99.30
1754221680000 99.41
1754221740000 99.51
1754221800000 99.49
1754221860000 99.32
1754221920000 99.40
1754221980000 99.57
1754222040000 99.49
1754222100000 99.49
1754222160000 99.50
1754222220000 99.48
1754222280000 99.35
1754222340000 98.92
1754222400000 99.36
1754222460000 99.08
1754222520000 99.26
1754222580000 99.47
1754222640000 99.44
1754222700000 99.50
1754222760000 99.38
1754222820000 99.32
1754222880000 99.51
1754222940000 99.49
1754223000000 99.49
1754223060000 99.04
1754223120000 98.81
1754223180000 99.25
1754223240000 99.33
1754223300000 99.44
1754223360000 99.42
1754223420000 99.48
1754223480000 99.43
1754223540000 99.14
1754223600000 99.11
1754223660000 99.36
1754223720000 99.35
1754223780000 99.44
1754223840000 99.41
1754223900000 99.34
1754223960000 99.25
1754224020000 98.49
1754224080000 98.06
1754224140000 98.26
1754224200000 98.40
1754224260000 98.32
1754224320000 98.31
1754224380000 98.28
1754224440000 98.47
1754224500000 98.37
1754224560000 98.35
1754224620000 98.27
1754224680000 98.22
1754224740000 98.41
1754224800000 98.39
1754224860000 98.45
1754224920000 98.36
1754224980000 98.39
1754225040000 98.13
1754225100000 98.17
1754225160000 98.29
1754225220000 98.19
1754225280000 98.45
1754225340000 98.06
1754225400000 98.28
1754225460000 98.38
1754225520000 98.37
1754225580000 98.40
1754225640000 98.23
1754225700000 98.27
1754225760000 98.29
1754225820000 98.54
1754225880000 98.48
1754225940000 98.32
1754226000000 98.37
1754226060000 98.18
1754226120000 98.36
1754226180000 98.37
1754226240000 98.19
1754226300000 98.37
1754226360000 98.28
1754226420000 98.36
1754226480000 98.56
1754226540000 99.40
1754226600000 99.49
1754226660000 99.41
1754226720000 99.32
1754226780000 99.44
1754226840000 99.20
1754226900000 99.48
1754226960000 99.44
1754227020000 99.52
1754227080000 99.33
1754227140000 99.14
1754227200000 99.44
1754227260000 99.32
1754227320000 98.11
1754227380000 98.08
1754227440000 98.08
1754227500000 98.20
1754227560000 98.25
1754227620000 98.17
1754227680000 97.99
1754227740000 98.01
1754227800000 98.04
1754227860000 98.00
1754227920000 98.01
1754227980000 98.14
1754228040000 97.99
1754228100000 97.94
1754228160000 97.74
1754228220000 97.90
1754228280000 98.18
1754228340000 98.36
1754228400000 98.04
1754228460000 98.01
1754228520000 98.08
1754228580000 98.13
1754228640000 98.22
1754228700000 98.22
1754228760000 98.21
1754228820000 98.11
1754228880000 97.77
1754228940000 98.21
1754229000000 97.95
1754229060000 98.08
1754229120000 97.33
1754229180000 96.38
1754229240000 98.80
1754229300000 99.42
1754229360000 99.52
1754229420000 99.58
1754229480000 99.44
1754229540000 99.44
1754229600000 99.32
1754229660000 99.24
1754229720000 99.49
1754229780000 99.36
1754229840000 99.42
1754229900000 99.46
1754229960000 99.33
1754230020000 99.47
1754230080000 99.44
1754230140000 99.47
1754230200000 99.29
1754230260000 99.38
1754230320000 99.44
1754230380000 99.24
1754230440000 98.79
1754230500000 98.95
1754230560000 98.69
1754230620000 98.53
1754230680000 99.19
1754230740000 99.03
1754230800000 99.12
1754230860000 99.23
1754230920000 98.86
1754230980000 99.14
1754231040000 99.16
1754231100000 99.19
1754231160000 99.08
1754231220000 98.99
1754231280000 99.16
1754231340000 99.29
1754231400000 99.22
1754231460000 99.34
1754231520000 99.37
1754231580000 99.46
1754231640000 98.83
1754231700000 99.39
1754231760000 99.06
1754231820000 99.48
1754231880000 99.33
1754231940000 99.44
1754232000000 99.49
1754232060000 99.51
1754232120000 99.41
1754232180000 99.36
1754232240000 99.34
1754232300000 99.53
1754232360000 99.16
1754232420000 99.37
1754232480000 99.33
1754232540000 99.18
1754232600000 99.09
1754232660000 99.16
1754232720000 99.07
1754232780000 99.10
1754232840000 98.98
1754232900000 99.24
1754232960000 99.20
1754233020000 99.10
1754233080000 99.14
1754233140000 99.49
1754233200000 99.44
1754233260000 99.15
1754233320000 98.76
1754233380000 99.20
1754233440000 99.32
1754233500000 99.38
1754233560000 99.27
1754233620000 99.16
1754233680000 99.26
1754233740000 99.37
1754233800000 99.35
1754233860000 99.18
1754233920000 99.27
1754233980000 99.43
1754234040000 99.47
1754234100000 99.49
1754234160000 99.39
1754234220000 99.20
1754234280000 99.21
1754234340000 99.38
1754234400000 99.39
1754234460000 99.39
1754234520000 99.38
1754234580000 99.44
1754234640000 99.32
1754234700000 99.29
1754234760000 99.52
1754234820000 99.48
1754234880000 99.43
1754234940000 99.44
1754235000000 99.50
1754235060000 99.37
1754235120000 99.44
1754235180000 99.15
1754235240000 99.18
1754235300000 99.38
1754235360000 99.31
1754235420000 99.23
1754235480000 99.23
1754235540000 99.23
1754235600000 99.01
1754235660000 99.27
1754235720000 99.12
1754235780000 99.09
1754235840000 99.07
1754235900000 99.25
1754235960000 98.93
1754236020000 99.20
1754236080000 99.32
1754236140000 99.14
1754236200000 98.87
1754236260000 99.19
1754236320000 99.43
1754236380000 99.25
1754236440000 99.44
1754236500000 99.45
1754236560000 99.50
1754236620000 99.53
1754236680000 99.47
1754236740000 99.56
1754236800000 99.49
1754236860000 99.11
1754236920000 99.34
1754236980000 99.23
1754237040000 98.94
1754237100000 99.18
1754237160000 98.94
1754237220000 99.40
1754237280000 99.36
1754237340000 99.39
1754237400000 99.38
1754237460000 99.28
1754237520000 99.40
1754237580000 99.37
1754237640000 99.16
1754237700000 99.24
1754237760000 99.20
1754237820000 99.20
1754237880000 99.06
1754237940000 99.35
1754238000000 99.29
1754238060000 99.24
1754238120000 99.24
1754238180000 99.28
1754238240000 99.42
1754238300000 99.27
1754238360000 99.33
1754238420000 99.39
1754238480000 99.21
1754238540000 99.32
1754238600000 99.34
1754238660000 99.20
1754238720000 99.21
1754238780000 98.74
1754238840000 99.05
1754238900000 99.29
1754238960000 99.08
1754239020000 99.19
1754239080000 99.25
1754239140000 99.11
1754239200000 99.29
1754239260000 99.31
1754239320000 99.17
1754239380000 99.44
1754239440000 99.37
1754239500000 99.34
1754239560000 99.23
1754239620000 99.12
1754239680000 99.34
1754239740000 99.41
1754239800000 99.29
1754239860000 98.91
1754239920000 99.22
1754239980000 99.21
1754240040000 99.24
1754240100000 98.99
1754240160000 99.16
1754240220000 99.35
1754240280000 99.32
1754240340000 99.31
1754240400000 99.36
1754240460000 98.89
1754240520000 99.09
1754240580000 99.16
1754240640000 99.46
1754240700000 99.39
1754240760000 99.13
1754240820000 99.20
1754240880000 99.36
1754240940000 99.29
1754241000000 99.37
1754241060000 99.24
1754241120000 99.23
1754241180000 99.07
1754241240000 99.18
1754241300000 99.20
1754241360000 99.26
1754241420000 98.52
1754241480000 98.16
1754241540000 97.77
1754241600000 98.01
1754241660000 98.07
1754241720000 98.02
1754241780000 98.03
1754241840000 97.64
1754241900000 98.02
1754241960000 97.89
1754242020000 97.98
1754242080000 97.65
1754242140000 97.85
1754242200000 97.87
1754242260000 97.74
1754242320000 97.94
1754242380000 97.92
1754242440000 97.83
1754242500000 97.97
1754242560000 97.70
1754242620000 97.78
1754242680000 97.66
1754242740000 98.04
1754242800000 97.81
1754242860000 97.64
1754242920000 97.87
1754242980000 97.81
1754243040000 97.48
1754243100000 97.51
1754243160000 97.81
1754243220000 97.83
1754243280000 97.92
1754243340000 98.19
1754243400000 97.98
1754243460000 97.89
1754243520000 97.36
1754243580000 97.83
1754243640000 97.83
1754243700000 97.76
1754243760000 97.94
1754243820000 97.89
1754243880000 97.77
1754243940000 98.11
1754244000000 97.79
1754244060000 97.24
1754244120000 97.59
1754244180000 97.72
1754244240000 97.88
1754244300000 97.65
1754244360000 97.68
1754244420000 97.60
1754244480000 97.60
1754244540000 97.89
1754244600000 97.88
1754244660000 97.73
1754244720000 97.75
1754244780000 97.64
1754244840000 97.47
1754244900000 97.88
1754244960000 97.65
1754245020000 97.60
1754245080000 97.35
1754245140000 95.20
1754245200000 97.54
1754245260000 97.85
1754245320000 97.78
1754245380000 97.95
1754245440000 97.79
1754245500000 97.15
1754245560000 97.56
1754245620000 96.64
1754245680000 97.23
1754245740000 97.67
1754245800000 97.43
1754245860000 97.48
1754245920000 97.81
1754245980000 97.55
1754246040000 97.78
1754246100000 97.43
1754246160000 97.38
1754246220000 97.61
1754246280000 97.58
1754246340000 97.71
1754246400000 97.79
1754246460000 97.55
1754246520000 96.93
1754246580000 96.90
1754246640000 97.45
1754246700000 97.65
1754246760000 97.18
1754246820000 96.80
1754246880000 96.98
1754246940000 97.32
1754247000000 96.96
1754247060000 97.05
1754247120000 97.31
1754247180000 98.25
1754247240000 97.64
1754247300000 97.59
1754247360000 97.77
1754247420000 97.76
1754247480000 97.66
1754247540000 97.85
1754247600000 97.97
1754247660000 97.33
1754247720000 97.76
1754247780000 97.91
1754247840000 97.91
1754247900000 97.74
1754247960000 98.01
1754248020000 97.99
1754248080000 97.94
1754248140000 97.90
1754248200000 98.02
1754248260000 98.06
1754248320000 98.02
1754248380000 98.06
1754248440000 98.07
1754248500000 98.25
1754248560000 97.94
1754248620000 98.06
1754248680000 98.04
1754248740000 98.01
1754248800000 97.50
1754248860000 98.04
1754248920000 97.40
1754248980000 97.69
1754249040000 97.65
1754249100000 98.10
1754249160000 97.60
1754249220000 97.97
1754249280000 97.67
1754249340000 97.96
1754249400000 97.61
1754249460000 98.06
1754249520000 97.84
1754249580000 97.93
1754249640000 98.02
1754249700000 97.73
1754249760000 97.87
1754249820000 97.27
1754249880000 97.64
1754249940000 97.76
1754250000000 97.75
1754250060000 97.91
1754250120000 97.84
1754250180000 97.75
1754250240000 97.96
1754250300000 97.85
1754250360000 97.79
1754250420000 97.90
1754250480000 97.89
1754250540000 97.93
1754250600000 98.06
1754250660000 98.02
1754250720000 97.56
1754250780000 98.10
1754250840000 97.81
1754250900000 98.04
1754250960000 98.11
1754251020000 98.23
1754251080000 98.08
1754251140000 97.99
1754251200000 97.85
1754251260000 97.75
1754251320000 97.80
1754251380000 97.59
1754251440000 97.81
1754251500000 97.51
1754251560000 97.59
1754251620000 98.07
1754251680000 97.85
1754251740000 98.05
1754251800000 98.04
1754251860000 98.03
1754251920000 98.03
1754251980000 98.06
1754252040000 97.88
1754252100000 98.11
1754252160000 97.72
1754252220000 98.11
1754252280000 97.90
1754252340000 98.05
1754252400000 98.06
1754252460000 97.92
1754252520000 98.14
1754252580000 98.12
1754252640000 97.97
1754252700000 98.03
1754252760000 97.93
1754252820000 98.06
1754252880000 97.99
1754252940000 98.13
1754253000000 98.07
1754253060000 97.91
1754253120000 97.88
1754253180000 97.86
1754253240000 98.07
1754253300000 98.02
1754253360000 97.39
1754253420000 97.92
1754253480000 97.95
1754253540000 98.02
1754253600000 97.93
1754253660000 97.99
1754253720000 97.97
1754253780000 97.92
1754253840000 98.07
1754253900000 98.08
1754253960000 97.85
1754254020000 98.07
1754254080000 98.14
1754254140000 97.83
1754254200000 97.63
1754254260000 97.12
1754254320000 97.26
1754254380000 97.27
1754254440000 97.15
1754254500000 97.25
1754254560000 96.93
1754254620000 97.32
1754254680000 97.39
1754254740000 97.14
1754254800000 97.56
1754254860000 97.55
1754254920000 97.38
1754254980000 97.07
1754255040000 97.31
1754255100000 96.94
1754255160000 96.61
1754255220000 97.14
1754255280000 96.91
1754255340000 97.02
1754255400000 96.68
1754255460000 97.03
1754255520000 96.67
1754255580000 97.12
1754255640000 96.56
1754255700000 96.86
1754255760000 96.67
1754255820000 96.86
1754255880000 96.63
1754255940000 96.88
1754256000000 96.88
1754256060000 96.58
1754256120000 96.97
1754256180000 96.60
1754256240000 96.90
1754256300000 96.78
1754256360000 96.65
1754256420000 96.69
1754256480000 96.70
1754256540000 96.78
1754256600000 96.59
1754256660000 96.91
1754256720000 96.95
1754256780000 97.74
1754256840000 97.17
1754256900000 96.80
1754256960000 96.53
1754257020000 96.64
1754257080000 96.52
1754257140000 96.19
1754257200000 96.65
1754257260000 96.60
1754257320000 95.75
1754257380000 96.53
1754257440000 95.50
1754257500000 94.83
1754257560000 96.66
1754257620000 96.36
1754257680000 96.18
1754257740000 96.71
1754257800000 96.78
1754257860000 96.52
1754257920000 96.75
1754257980000 97.51
1754258040000 96.50
1754258100000 96.41
1754258160000 96.60
1754258220000 96.41
1754258280000 96.52
1754258340000 95.90
1754258400000 96.33
1754258460000 96.20
1754258520000 96.08
1754258580000 96.09
1754258640000 96.17
1754258700000 97.28
1754258760000 96.61
1754258820000 96.33
1754258880000 95.91
1754258940000 96.51
1754259000000 96.15
1754259060000 96.45
1754259120000 96.29
1754259180000 96.40
1754259240000 96.04
1754259300000 96.45
1754259360000 95.44
1754259420000 96.49
1754259480000 96.17
1754259540000 96.45
1754259600000 96.40
1754259660000 96.35
1754259720000 96.37
1754259780000 96.52
1754259840000 96.39
1754259900000 96.36
1754259960000 96.55
1754260020000 96.33
1754260080000 96.49
1754260140000 96.41
1754260200000 96.48
1754260260000 96.39
1754260320000 96.36
1754260380000 96.29
1754260440000 96.46
1754260500000 96.40
1754260560000 96.95
1754260620000 97.20
1754260680000 96.88
1754260740000 96.39
1754260800000 96.51
1754260860000 96.36
1754260920000 96.63
1754260980000 96.46
1754261040000 96.48
1754261100000 96.50
1754261160000 96.28
1754261220000 96.03
1754261280000 96.39
1754261340000 96.08
1754261400000 96.36
1754261460000 96.46
1754261520000 96.12
1754261580000 96.23
1754261640000 96.65
1754261700000 99.10
1754261760000 99.41
1754261820000 99.52
1754261880000 99.49
1754261940000 99.59
1754262000000 99.57
1754262060000 99.09
1754262120000 98.76
1754262180000 99.18
1754262240000 99.43
1754262300000 99.51
1754262360000 99.17
1754262420000 99.13
1754262480000 99.11
1754262540000 99.37
1754262600000 99.36
1754262660000 99.28
1754262720000 99.30
1754262780000 99.26
1754262840000 99.42
1754262900000 99.44
1754262960000 99.25
1754263020000 99.38
1754263080000 99.25
1754263140000 99.26
1754263200000 98.47
1754263260000 99.21
1754263320000 99.28
1754263380000 99.29
1754263440000 99.27
1754263500000 99.43
1754263560000 99.42
1754263620000 99.40
1754263680000 99.42
1754263740000 99.48
1754263800000 99.35
1754263860000 99.34
1754263920000 99.32
1754263980000 99.24
1754264040000 99.47
1754264100000 99.47
1754264160000 99.39
1754264220000 99.44
1754264280000 99.39
1754264340000 99.49
1754264400000 99.34
1754264460000 99.54
1754264520000 99.44
1754264580000 99.45
1754264640000 99.26
1754264700000 99.44
1754264760000 99.32
1754264820000 99.31
1754264880000 99.34
1754264940000 99.04
1754265000000 99.41
1754265060000 99.57
1754265120000 99.48
1754265180000 99.26
1754265240000 99.47
1754265300000 99.43
1754265360000 99.27
1754265420000 99.34
1754265480000 99.36
1754265540000 99.57
1754265600000 99.51
1754265660000 98.94
1754265720000 99.35
1754265780000 99.18
1754265840000 99.41
1754265900000 99.37
1754265960000 99.25
1754266020000 99.39
1754266080000 99.25
1754266140000 99.50
1754266200000 99.49
1754266260000 99.44
1754266320000 99.26
1754266380000 99.49
1754266440000 99.42
1754266500000 99.47
1754266560000 99.45
1754266620000 99.34
1754266680000 99.36
1754266740000 99.50
1754266800000 99.29
1754266860000 99.30
1754266920000 99.27
1754266980000 99.24
1754267040000 98.54
1754267100000 99.10
1754267160000 99.04
1754267220000 99.38
1754267280000 99.32
1754267340000 99.25
1754267400000 99.22
1754267460000 99.21
1754267520000 99.13
1754267580000 99.27
1754267640000 99.26
1754267700000 99.18
1754267760000 99.01
1754267820000 99.08
1754267880000 99.31
1754267940000 99.16
1754268000000 99.19
1754268060000 99.27
1754268120000 99.11
1754268180000 99.18
1754268240000 98.99
1754268300000 98.37
1754268360000 98.65
1754268420000 97.03
1754268480000 97.74
1754268540000 98.48
1754268600000 98.37
1754268660000 98.47
1754268720000 98.92
1754268780000 98.76
1754268840000 98.21
1754268900000 98.72
1754268960000 98.89
1754269020000 98.70
1754269080000 98.64
1754269140000 98.37
1754269200000 98.98
1754269260000 98.57
1754269320000 98.59
1754269380000 98.85
1754269440000 98.15
1754269500000 98.30
1754269560000 98.87
1754269620000 99.20
1754269680000 99.00
1754269740000 98.96
1754269800000 99.06
1754269860000 99.30
1754269920000 99.25
1754269980000 99.38
1754270040000 99.17
1754270100000 99.37
1754270160000 99.09
1754270220000 99.20
1754270280000 98.98
1754270340000 99.36
1754270400000 99.33
1754270460000 99.26
1754270520000 99.24
1754270580000 99.39
1754270640000 99.19
1754270700000 99.19
1754270760000 98.98
1754270820000 99.00
1754270880000 99.28
1754270940000 99.29
1754271000000 99.34
1754271060000 99.29
1754271120000 99.04
1754271180000 98.93
1754271240000 99.23
1754271300000 99.28
1754271360000 99.16
1754271420000 99.31
1754271480000 99.20
1754271540000 99.36
1754271600000 99.22
1754271660000 99.44
1754271720000 99.12
1754271780000 99.31
1754271840000 99.32
1754271900000 99.44
1754271960000 99.22
1754272020000 99.47
1754272080000 99.32
1754272140000 99.29
1754272200000 99.34
1754272260000 99.27
1754272320000 99.26
1754272380000 99.41
1754272440000 99.33
1754272500000 99.51
1754272560000 99.32
1754272620000 99.42
1754272680000 99.27
1754272740000 99.23
1754272800000 99.27
1754272860000 98.85
1754272920000 99.23
1754272980000 99.23
1754273040000 99.30
1754273100000 99.48
1754273160000 99.02
1754273220000 99.36
1754273280000 99.35
1754273340000 99.09
1754273400000 98.69
1754273460000 99.17
1754273520000 99.35
1754273580000 99.39
1754273640000 99.29
1754273700000 99.25
1754273760000 99.37
1754273820000 99.27
1754273880000 99.32
1754273940000 99.34
1754274000000 99.37
1754274060000 99.06
1754274120000 99.28
1754274180000 99.37
1754274240000 99.36
1754274300000 99.36
1754274360000 99.24
1754274420000 99.18
1754274480000 99.29
1754274540000 99.42
1754274600000 99.63
1754274660000 99.04
1754274720000 99.34
1754274780000 99.33
1754274840000 99.35
1754274900000 99.43
1754274960000 99.30
1754275020000 99.27
1754275080000 99.07
1754275140000 98.53
1754275200000 98.58
1754275260000 98.19
1754275320000 98.52
1754275380000 98.69
1754275440000 98.56
1754275500000 98.70
1754275560000 98.50
1754275620000 98.33
1754275680000 98.50
1754275740000 99.13
1754275800000 98.08
1754275860000 98.48
1754275920000 98.85
1754275980000 98.67
1754276040000 99.17
1754276100000 99.21
1754276160000 99.16
1754276220000 99.20
1754276280000 99.26
1754276340000 99.19
1754276400000 99.16
1754276460000 98.66
1754276520000 99.03
1754276580000 99.07
1754276640000 99.34
1754276700000 99.10
1754276760000 97.19
1754276820000 98.23
1754276880000 99.08
1754276940000 99.14
1754277000000 98.29
1754277060000 98.06
1754277120000 98.21
1754277180000 98.59
1754277240000 98.96
1754277300000 97.78
1754277360000 98.39
1754277420000 99.14
1754277480000 99.24
1754277540000 98.73
1754277600000 99.26
1754277660000 99.24
1754277720000 99.15
1754277780000 99.18
1754277840000 99.24
1754277900000 99.38
1754277960000 99.02
1754278020000 99.28
1754278080000 99.24
1754278140000 99.38
1754278200000 99.37
1754278260000 99.15
1754278320000 99.25
1754278380000 99.30
1754278440000 99.09
1754278500000 99.35
1754278560000 98.69
1754278620000 99.20
1754278680000 99.15
1754278740000 99.36
1754278800000 99.31
1754278860000 99.17
1754278920000 99.27
1754278980000 98.76
1754279040000 99.29
1754279100000 99.39
1754279160000 99.26
1754279220000 99.34
1754279280000 98.89
1754279340000 99.01
1754279400000 99.52
1754279460000 99.28
1754279520000 99.20
1754279580000 99.09
1754279640000 99.02
1754279700000 99.44
1754279760000 99.28
1754279820000 99.23
1754279880000 99.30
1754279940000 99.36
1754280000000 99.42
1754280060000 98.81
1754280120000 99.18
1754280180000 99.24
1754280240000 99.11
1754280300000 99.44
1754280360000 99.06
1754280420000 99.28
1754280480000 99.23
1754280540000 99.17
1754280600000 99.23
1754280660000 99.06
1754280720000 99.26
1754280780000 99.34
1754280840000 99.14
1754280900000 99.07
1754280960000 99.15
1754281020000 99.22
1754281080000 99.14
1754281140000 99.05
1754281200000 99.34
1754281260000 99.14
1754281320000 99.24
1754281380000 99.17
1754281440000 99.08
1754281500000 98.83
1754281560000 99.32
1754281620000 98.77
1754281680000 99.36
1754281740000 99.12
1754281800000 99.24
1754281860000 99.19
1754281920000 98.30
1754281980000 99.25
1754282040000 99.25
1754282100000 99.22
1754282160000 99.39
1754282220000 99.06
1754282280000 98.98
1754282340000 99.21
1754282400000 97.76
1754282460000 96.91
1754282520000 97.50
1754282580000 97.72
1754282640000 97.51
1754282700000 97.37
1754282760000 97.35
1754282820000 97.30
1754282880000 97.26
1754282940000 97.47
1754283000000 97.48
1754283060000 97.45
1754283120000 97.24
1754283180000 98.43
1754283240000 99.32
1754283300000 99.06
1754283360000 99.38
1754283420000 99.27
1754283480000 99.28
1754283540000 99.22
1754283600000 99.32
1754283660000 98.58
1754283720000 99.25
1754283780000 99.15
1754283840000 99.32
1754283900000 99.12
1754283960000 99.13
1754284020000 98.47
1754284080000 98.95
1754284140000 99.11
1754284200000 99.18
1754284260000 99.20
1754284320000 99.08
1754284380000 99.14
1754284440000 99.17
1754284500000 99.16
1754284560000 99.28
1754284620000 99.29
1754284680000 99.18
1754284740000 99.12
1754284800000 99.06
1754284860000 99.18
1754284920000 99.08
1754284980000 98.93
1754285040000 99.21
1754285100000 98.96
1754285160000 99.09
1754285220000 99.21
1754285280000 99.27
1754285340000 99.17
1754285400000 99.15
1754285460000 99.19
1754285520000 99.11
1754285580000 99.37
1754285640000 99.25
1754285700000 99.21
1754285760000 98.82
1754285820000 99.01
1754285880000 99.00
1754285940000 99.11
1754286000000 99.17
1754286060000 99.13
1754286120000 99.15
1754286180000 99.08
1754286240000 99.03
1754286300000 99.19
1754286360000 99.32
1754286420000 99.16
1754286480000 99.21
1754286540000 99.12
1754286600000 99.24
1754286660000 99.26
1754286720000 99.26
1754286780000 98.97
1754286840000 99.22
1754286900000 99.24
1754286960000 99.08
1754287020000 98.90
1754287080000 99.22
1754287140000 99.26
1754287200000 99.30
1754287260000 98.74
1754287320000 99.14
1754287380000 99.32
1754287440000 99.21
1754287500000 99.21
1754287560000 99.35
1754287620000 99.29
1754287680000 99.16
1754287740000 99.21
1754287800000 99.18
1754287860000 99.15
1754287920000 99.04
1754287980000 99.08
1754288040000 99.19
1754288100000 99.15
1754288160000 99.12
1754288220000 99.07
1754288280000 99.31
1754288340000 99.23
1754288400000 99.28
1754288460000 98.98
1754288520000 99.21
1754288580000 99.14
1754288640000 99.08
1754288700000 99.21
1754288760000 99.02
1754288820000 99.12
1754288880000 99.16
1754288940000 99.11
1754289000000 99.25
1754289060000 99.19
1754289120000 99.21
1754289180000 99.13
1754289240000 99.12
1754289300000 98.77
1754289360000 99.07
1754289420000 99.17
1754289480000 99.04
1754289540000 98.74
1754289600000 99.01
1754289660000 99.11
1754289720000 98.99
1754289780000 98.73
1754289840000 99.11
1754289900000 99.07
1754289960000 99.21
1754290020000 99.08
1754290080000 99.15
1754290140000 99.01
1754290200000 99.11
1754290260000 99.03
1754290320000 99.01
1754290380000 99.03
1754290440000 99.08
1754290500000 99.03
1754290560000 99.31
1754290620000 99.34
1754290680000 99.56
1754290740000 99.37
1754290800000 99.45
1754290860000 99.10
1754290920000 99.39
1754290980000 99.24
1754291040000 99.31
1754291100000 99.34
1754291160000 99.26
1754291220000 99.16
1754291280000 99.37
1754291340000 99.16
1754291400000 99.44
1754291460000 99.26
1754291520000 98.87
1754291580000 99.23
1754291640000 99.50
1754291700000 99.22
1754291760000 98.99
1754291820000 99.41
1754291880000 99.28
1754291940000 99.33
1754292000000 99.36
1754292060000 99.28
1754292120000 99.30
1754292180000 99.30
1754292240000 99.31
1754292300000 99.37
1754292360000 99.46
1754292420000 99.37
1754292480000 99.45
1754292540000 99.28
1754292600000 99.47
1754292660000 99.39
1754292720000 99.41
1754292780000 99.35
1754292840000 99.35
1754292900000 99.20
1754292960000 98.64
1754293020000 99.19
1754293080000 99.02
1754293140000 99.14
1754293200000 99.19
1754293260000 99.25
1754293320000 99.27
1754293380000 99.25
1754293440000 99.37
1754293500000 99.36
1754293560000 99.34
1754293620000 99.08
1754293680000 98.91
1754293740000 99.33
1754293800000 99.27
1754293860000 99.34
1754293920000 99.08
1754293980000 99.45
1754294040000 99.38
1754294100000 99.07
1754294160000 99.28
1754294220000 99.38
1754294280000 99.14
1754294340000 99.50
1754294400000 99.46
1754294460000 99.18
1754294520000 99.41
1754294580000 99.18
1754294640000 99.00
1754294700000 99.32
1754294760000 98.62
1754294820000 98.99
1754294880000 99.41
1754294940000 99.18
1754295000000 99.30
1754295060000 98.65
1754295120000 99.05
1754295180000 99.29
1754295240000 99.26
1754295300000 99.06
1754295360000 99.44
1754295420000 99.42
1754295480000 99.06
1754295540000 99.22
1754295600000 99.31
1754295660000 99.03
1754295720000 99.30
1754295780000 99.32
1754295840000 99.25
1754295900000 99.05
1754295960000 98.26
1754296020000 97.40
1754296080000 96.98
1754296140000 97.23
1754296200000 97.43
1754296260000 97.06
1754296320000 97.08
1754296380000 97.57
1754296440000 97.42
1754296500000 97.52
1754296560000 97.65
1754296620000 97.58
1754296680000 97.47
1754296740000 97.77
1754296800000 98.47
1754296860000 99.21
1754296920000 99.13
1754296980000 99.16
1754297040000 99.23
1754297100000 99.26
1754297160000 99.25
1754297220000 99.25
1754297280000 99.36
1754297340000 99.49
1754297400000 99.41
1754297460000 99.39
1754297520000 99.30
1754297580000 99.01
1754297640000 99.37
1754297700000 99.43
1754297760000 99.16
1754297820000 99.37
1754297880000 99.33
1754297940000 99.36
1754298000000 99.32
1754298060000 97.76
1754298120000 97.80
1754298180000 97.77
1754298240000 97.69
1754298300000 97.81
1754298360000 97.82
1754298420000 97.44
1754298480000 97.63
1754298540000 97.72
1754298600000 97.47
1754298660000 97.60
1754298720000 97.59
1754298780000 97.40
1754298840000 97.82
1754298900000 99.19
1754298960000 99.04
1754299020000 98.70
1754299080000 99.06
1754299140000 99.00
1754299200000 99.29
1754299260000 99.00
1754299320000 99.25
1754299380000 99.17
1754299440000 99.16
1754299500000 98.81
1754299560000 99.18
1754299620000 99.22
1754299680000 99.54
1754299740000 99.40
1754299800000 99.55
1754299860000 99.39
1754299920000 99.45
1754299980000 99.26
1754300040000 99.25
1754300100000 99.39
1754300160000 99.53
1754300220000 99.31
1754300280000 99.49
1754300340000 99.44
1754300400000 99.46
1754300460000 99.33
1754300520000 99.49
1754300580000 99.35
1754300640000 99.51
1754300700000 99.38
1754300760000 99.39
1754300820000 98.88
1754300880000 99.33
1754300940000 99.23
1754301000000 99.18
1754301060000 99.23
1754301120000 99.46
1754301180000 99.48
1754301240000 99.58
1754301300000 99.48
1754301360000 99.33
1754301420000 99.19
1754301480000 99.00
1754301540000 99.42
1754301600000 99.43
1754301660000 99.07
1754301720000 99.41
1754301780000 99.25
1754301840000 99.41
1754301900000 99.28
1754301960000 99.46
1754302020000 99.33
1754302080000 99.03
1754302140000 99.31
1754302200000 99.37
1754302260000 99.36
1754302320000 99.45
1754302380000 99.42
1754302440000 99.51
1754302500000 99.31
1754302560000 99.29
1754302620000 99.11
1754302680000 98.11
1754302740000 96.49
1754302800000 96.98
1754302860000 97.92
1754302920000 97.84
1754302980000 97.90
1754303040000 98.03
1754303100000 97.66
1754303160000 97.36
1754303220000 97.86
1754303280000 97.82
1754303340000 97.58
1754303400000 97.94
1754303460000 97.86
1754303520000 97.92
1754303580000 98.04
1754303640000 97.98
1754303700000 98.01
1754303760000 97.99
1754303820000 97.92
1754303880000 98.01
1754303940000 98.14
1754304000000 97.98
1754304060000 97.86
1754304120000 98.00
1754304180000 97.92
1754304240000 98.16
1754304300000 98.04
1754304360000 97.52
1754304420000 98.01
1754304480000 99.51
1754304540000 99.45
1754304600000 99.48
1754304660000 99.39
1754304720000 99.44
1754304780000 99.59
1754304840000 99.37
1754304900000 99.52
1754304960000 99.56
1754305020000 99.36
1754305080000 99.21
1754305140000 99.49
1754305200000 99.45
1754305260000 99.11
1754305320000 99.45
1754305380000 99.52
1754305440000 99.50
1754305500000 99.47
1754305560000 99.42
1754305620000 99.55
1754305680000 99.57
1754305740000 99.52
1754305800000 99.38
1754305860000 99.46
1754305920000 99.50
1754305980000 99.39
1754306040000 99.48
1754306100000 99.47
1754306160000 99.44
1754306220000 99.39
1754306280000 99.36
1754306340000 99.43
1754306400000 99.41
1754306460000 99.31
1754306520000 99.40
1754306580000 99.32
1754306640000 96.91
1754306700000 99.36
1754306760000 99.46
1754306820000 99.31
1754306880000 99.53
1754306940000 99.43
1754307000000 99.45
1754307060000 99.20
1754307120000 99.47
1754307180000 99.24
1754307240000 99.27
1754307300000 99.31
1754307360000 99.46
1754307420000 99.40
1754307480000 99.48
1754307540000 99.40
1754307600000 99.36
1754307660000 99.39
1754307720000 99.42
1754307780000 99.39
1754307840000 99.42
1754307900000 99.18
1754307960000 99.32
1754308020000 99.39
1754308080000 99.52
1754308140000 99.46
1754308200000 99.52
1754308260000 99.44
1754308320000 99.55
1754308380000 99.35
1754308440000 99.31
1754308500000 99.36
1754308560000 99.32
1754308620000 99.30
1754308680000 99.22
1754308740000 99.38
1754308800000 99.39
1754308860000 99.10
1754308920000 99.09
1754308980000 99.30
1754309040000 99.42
1754309100000 99.31
1754309160000 99.31
1754309220000 99.24
1754309280000 99.45
1754309340000 99.35
1754309400000 99.42
1754309460000 99.30
1754309520000 99.34
1754309580000 99.42
1754309640000 99.46
1754309700000 99.44
1754309760000 99.42
1754309820000 99.24
1754309880000 99.23
1754309940000 99.36
1754310000000 99.36
1754310060000 99.31
1754310120000 99.39
1754310180000 99.41
1754310240000 99.37
1754310300000 99.33
1754310360000 99.24
1754310420000 99.28
1754310480000 99.47
1754310540000 99.35
1754310600000 99.49
1754310660000 99.43
1754310720000 99.44
1754310780000 99.25
1754310840000 99.31
1754310900000 99.16
1754310960000 99.38
1754311020000 99.30
1754311080000 99.08
1754311140000 99.20
1754311200000 99.29
1754311260000 99.30
1754311320000 99.31
1754311380000 99.31
1754311440000 99.32
1754311500000 99.48
1754311560000 99.25
1754311620000 99.22
1754311680000 99.42
1754311740000 99.32
1754311800000 99.41
1754311860000 99.33
1754311920000 99.32
1754311980000 98.85
1754312040000 99.45
1754312100000 99.46
1754312160000 99.38
1754312220000 99.38
1754312280000 99.19
1754312340000 99.36
1754312400000 99.47
1754312460000 98.60
1754312520000 99.03
1754312580000 99.21
1754312640000 98.84
1754312700000 99.12
1754312760000 99.19
1754312820000 99.32
1754312880000 99.41
1754312940000 99.37
1754313000000 99.37
1754313060000 99.24
1754313120000 99.36
1754313180000 99.38
1754313240000 99.37
1754313300000 99.39
1754313360000 99.33
1754313420000 99.42
1754313480000 99.14
1754313540000 99.35
1754313600000 99.42
1754313660000 99.09
1754313720000 99.27
1754313780000 99.32
1754313840000 99.35
1754313900000 99.29
1754313960000 99.23
1754314020000 99.43
1754314080000 99.20
1754314140000 99.36
1754314200000 99.42
1754314260000 99.22
1754314320000 99.12
1754314380000 99.21
1754314440000 98.91
1754314500000 98.83
1754314560000 97.17
1754314620000 98.45
1754314680000 98.22
1754314740000 98.28
1754314800000 98.67
1754314860000 98.39
1754314920000 98.88
1754314980000 98.77
1754315040000 98.45
1754315100000 98.09
1754315160000 97.73
1754315220000 97.87
1754315280000 97.88
1754315340000 97.83
1754315400000 97.71
1754315460000 98.08
1754315520000 98.39
1754315580000 97.63
1754315640000 98.71
1754315700000 98.70
1754315760000 98.82
1754315820000 98.05
1754315880000 98.78
1754315940000 98.64
1754316000000 98.14
1754316060000 97.82
1754316120000 98.14
1754316180000 97.14
1754316240000 96.36
1754316300000 97.10
1754316360000 98.29
1754316420000 98.28
1754316480000 98.01
1754316540000 98.32
1754316600000 98.13
1754316660000 97.95
1754316720000 98.41
1754316780000 98.51
1754316840000 98.15
1754316900000 97.97
1754316960000 98.31
1754317020000 97.85
1754317080000 98.31
1754317140000 98.04
1754317200000 98.26
1754317260000 98.26
1754317320000 98.26
1754317380000 98.59
1754317440000 98.33
1754317500000 98.77
1754317560000 98.93
1754317620000 99.01
1754317680000 98.83
1754317740000 98.93
1754317800000 99.27
1754317860000 98.55
1754317920000 98.95
1754317980000 98.81
1754318040000 98.96
1754318100000 99.03
1754318160000 99.02
1754318220000 98.75
1754318280000 99.20
1754318340000 98.63
1754318400000 98.50
1754318460000 98.55
1754318520000 99.03
1754318580000 98.91
1754318640000 98.90
1754318700000 98.29
1754318760000 98.34
1754318820000 98.44
1754318880000 98.54
1754318940000 98.62
1754319000000 97.28
1754319060000 97.76
1754319120000 97.22
1754319180000 97.28
1754319240000 96.36
1754319300000 97.22
1754319360000 98.55
1754319420000 98.67
1754319480000 98.83
1754319540000 98.95
1754319600000 99.14
1754319660000 98.78
1754319720000 98.93
1754319780000 98.81
1754319840000 98.90
1754319900000 98.87
1754319960000 98.88
1754320020000 98.91
1754320080000 99.09
1754320140000 99.05
1754320200000 99.06
1754320260000 98.75
1754320320000 98.90
1754320380000 99.06
1754320440000 98.68
1754320500000 99.14
1754320560000 98.65
1754320620000 99.02
1754320680000 99.01
1754320740000 99.06
1754320800000 99.06
1754320860000 99.08
1754320920000 99.16
1754320980000 99.15
1754321040000 99.19
1754321100000 99.35
1754321160000 99.05
1754321220000 99.14
1754321280000 99.29
1754321340000 98.90
1754321400000 99.25
1754321460000 99.10
1754321520000 98.98
1754321580000 98.99
1754321640000 99.18
1754321700000 98.80
1754321760000 98.97
1754321820000 99.07
1754321880000 99.10
1754321940000 99.18
1754322000000 99.07
1754322060000 98.97
1754322120000 99.10
1754322180000 98.88
1754322240000 98.86
1754322300000 99.07
1754322360000 99.01
1754322420000 99.03
1754322480000 98.93
1754322540000 99.10
1754322600000 99.08
1754322660000 99.23
1754322720000 99.05
1754322780000 99.16
1754322840000 99.11
1754322900000 99.11
1754322960000 99.18
1754323020000 99.11
1754323080000 99.23
1754323140000 99.20
1754323200000 99.33
1754323260000 98.72
1754323320000 99.08
1754323380000 98.77
1754323440000 98.98
1754323500000 98.87
1754323560000 98.84
1754323620000 99.13
1754323680000 98.65
1754323740000 98.26
1754323800000 98.70
1754323860000 98.84
1754323920000 98.98
1754323980000 98.92
1754324040000 99.04
1754324100000 98.87
1754324160000 99.01
1754324220000 98.68
1754324280000 98.56
1754324340000 98.98
1754324400000 99.11
1754324460000 98.56
1754324520000 98.59
1754324580000 98.52
1754324640000 98.65
1754324700000 98.76
1754324760000 98.73
1754324820000 99.02
1754324880000 98.80
1754324940000 99.06
1754325000000 98.90
1754325060000 98.78
1754325120000 99.00
1754325180000 99.01
1754325240000 99.00
1754325300000 99.00
1754325360000 99.00
1754325420000 98.85
1754325480000 99.27
1754325540000 99.01
1754325600000 98.90
1754325660000 98.72
1754325720000 97.20
1754325780000 97.81
1754325840000 98.67
1754325900000 98.82
1754325960000 99.00
1754326020000 98.58
1754326080000 98.67
1754326140000 98.68
1754326200000 98.96
1754326260000 98.98
1754326320000 99.18
1754326380000 98.95
1754326440000 99.02
1754326500000 99.13
1754326560000 99.01
1754326620000 99.04
1754326680000 99.02
1754326740000 99.17
1754326800000 99.24
1754326860000 98.75
1754326920000 98.96
1754326980000 99.09
1754327040000 99.25
1754327100000 99.21
1754327160000 99.06
1754327220000 96.51
1754327280000 97.89
1754327340000 98.82
1754327400000 98.65
1754327460000 98.74
1754327520000 98.90
1754327580000 98.70
1754327640000 98.77
1754327700000 99.02
1754327760000 98.96
1754327820000 99.24
1754327880000 98.72
1754327940000 98.37
1754328000000 98.64
1754328060000 98.66
1754328120000 99.21
1754328180000 99.13
1754328240000 98.90
1754328300000 98.89
1754328360000 99.12
1754328420000 98.98
1754328480000 99.25
1754328540000 99.00
1754328600000 98.99
1754328660000 98.77
1754328720000 98.97
1754328780000 98.84
1754328840000 99.19
1754328900000 98.98
1754328960000 99.36
1754329020000 99.23
1754329080000 99.29
1754329140000 99.31
1754329200000 99.27
1754329260000 98.94
1754329320000 99.15
1754329380000 99.19
1754329440000 99.07
1754329500000 99.24
1754329560000 99.21
1754329620000 99.27
1754329680000 99.06
1754329740000 99.32
1754329800000 99.18
1754329860000 99.33
1754329920000 99.29
1754329980000 99.23
1754330040000 99.21
1754330100000 99.42
1754330160000 99.31
1754330220000 99.24
1754330280000 99.36
1754330340000 99.45
1754330400000 99.40
1754330460000 98.94
1754330520000 99.06
1754330580000 98.95
1754330640000 99.36
1754330700000 99.30
1754330760000 98.85
1754330820000 99.36
1754330880000 99.31
1754330940000 99.40
1754331000000 99.41
1754331060000 99.14
1754331120000 99.31
1754331180000 99.29
1754331240000 99.46
1754331300000 99.22
1754331360000 99.16
1754331420000 99.21
1754331480000 99.35
1754331540000 99.43
1754331600000 99.34
1754331660000 99.35
1754331720000 99.33
1754331780000 99.15
1754331840000 98.62
1754331900000 99.38
1754331960000 99.42
1754332020000 99.52
1754332080000 99.31
1754332140000 99.45
1754332200000 99.22
1754332260000 99.26
1754332320000 99.14
1754332380000 99.41
1754332440000 98.91
1754332500000 99.49
1754332560000 98.94
1754332620000 99.42
1754332680000 99.27
1754332740000 99.25
1754332800000 99.38
1754332860000 99.22
1754332920000 99.56
1754332980000 99.47
1754333040000 99.49
1754333100000 99.26
1754333160000 99.32
1754333220000 99.39
1754333280000 99.38
1754333340000 99.38
1754333400000 99.33
1754333460000 99.39
1754333520000 99.26
1754333580000 99.44
1754333640000 99.41
1754333700000 99.49
1754333760000 99.29
1754333820000 99.36
1754333880000 99.45
1754333940000 99.50
1754334000000 99.37
1754334060000 99.13
1754334120000 99.49
1754334180000 99.37
1754334240000 99.30
1754334300000 99.28
1754334360000 99.28
1754334420000 99.43
1754334480000 99.51
1754334540000 99.50
1754334600000 99.37
1754334660000 99.35
1754334720000 99.38
1754334780000 99.23
1754334840000 99.40
1754334900000 99.45
1754334960000 99.49
1754335020000 99.15
1754335080000 99.34
1754335140000 99.28
1754335200000 99.32
1754335260000 99.42
1754335320000 99.52
1754335380000 99.47
1754335440000 99.51
1754335500000 99.35
1754335560000 99.46
1754335620000 99.34
1754335680000 99.53
1754335740000 99.42
1754335800000 99.45
1754335860000 99.35
1754335920000 99.32
1754335980000 99.43
1754336040000 99.27
1754336100000 99.28
1754336160000 99.25
1754336220000 99.17
1754336280000 99.17
1754336340000 99.31
1754336400000 99.46
1754336460000 99.27
1754336520000 99.01
1754336580000 99.40
1754336640000 99.40
1754336700000 99.40
1754336760000 99.17
1754336820000 99.49
1754336880000 99.52
1754336940000 99.48
1754337000000 99.44
1754337060000 99.32
1754337120000 99.44
1754337180000 99.36
1754337240000 99.30
1754337300000 99.46
1754337360000 99.38
1754337420000 99.39
1754337480000 99.28
1754337540000 99.07
1754337600000 98.74
1754337660000 98.85
1754337720000 99.00
1754337780000 99.37
1754337840000 99.37
1754337900000 99.35
1754337960000 99.01
1754338020000 99.31
1754338080000 99.21
1754338140000 99.03
1754338200000 99.02
1754338260000 99.09
1754338320000 99.04
1754338380000 99.35
1754338440000 99.31
1754338500000 99.45
1754338560000 99.08
1754338620000 99.44
1754338680000 98.89
1754338740000 99.47
1754338800000 99.41
1754338860000 99.28
1754338920000 99.11
1754338980000 98.90
1754339040000 99.24
1754339100000 99.18
1754339160000 99.34
1754339220000 99.25
1754339280000 99.32
1754339340000 99.09
1754339400000 99.37
1754339460000 99.21
1754339520000 99.21
1754339580000 98.71
1754339640000 98.97
1754339700000 98.99
1754339760000 98.70
1754339820000 98.65
1754339880000 99.01
1754339940000 99.17
1754340000000 98.97
1754340060000 98.90
1754340120000 99.16
1754340180000 99.00
1754340240000 99.12
1754340300000 99.32
1754340360000 98.83
1754340420000 98.73
1754340480000 99.10
1754340540000 99.29
1754340600000 99.16
1754340660000 99.32
1754340720000 99.14
1754340780000 99.23
1754340840000 98.96
1754340900000 99.03
1754340960000 99.13
1754341020000 99.12
1754341080000 99.27
1754341140000 99.04
1754341200000 99.29
1754341260000 98.72
1754341320000 99.07
1754341380000 99.31
1754341440000 99.24
1754341500000 99.03
1754341560000 99.11
1754341620000 99.17
1754341680000 99.21
1754341740000 99.04
1754341800000 98.84
1754341860000 99.24
1754341920000 98.88
1754341980000 99.09
1754342040000 99.26
1754342100000 98.77
1754342160000 99.01
1754342220000 98.07
1754342280000 98.11
1754342340000 98.50
1754342400000 99.19
1754342460000 99.06
1754342520000 98.99
1754342580000 98.88
1754342640000 99.00
1754342700000 99.35
1754342760000 98.94
1754342820000 99.21
1754342880000 99.23
1754342940000 99.19
1754343000000 99.06
1754343060000 99.09
1754343120000 99.07
1754343180000 99.05
1754343240000 99.24
1754343300000 99.24
1754343360000 99.00
1754343420000 99.36
1754343480000 99.21
1754343540000 99.29
1754343600000 98.86
1754343660000 99.05
1754343720000 99.21
1754343780000 99.01
1754343840000 99.18
1754343900000 99.31
1754343960000 99.17
1754344020000 99.21
1754344080000 99.23
1754344140000 99.29
1754344200000 99.04
1754344260000 99.38
1754344320000 99.27
1754344380000 99.21
1754344440000 98.59
1754344500000 99.27
1754344560000 99.24
1754344620000 99.08
1754344680000 99.01
1754344740000 98.93
1754344800000 98.86
1754344860000 98.46
1754344920000 99.08
1754344980000 98.61
1754345040000 98.86
1754345100000 98.54
1754345160000 99.12
1754345220000 99.12
1754345280000 99.20
1754345340000 98.89
1754345400000 99.18
1754345460000 99.04
1754345520000 99.20
1754345580000 99.16
1754345640000 99.24
1754345700000 99.10
1754345760000 99.27
1754345820000 99.11
1754345880000 99.11
1754345940000 99.19
1754346000000 98.66
1754346060000 99.09
1754346120000 99.16
1754346180000 99.08
1754346240000 98.90
1754346300000 98.98
1754346360000 99.16
1754346420000 99.19
1754346480000 99.18
1754346540000 98.96
1754346600000 99.26
1754346660000 98.85
1754346720000 98.83
1754346780000 98.89
1754346840000 99.12
1754346900000 98.75
1754346960000 99.13
1754347020000 98.84
1754347080000 99.15
1754347140000 99.20
1754347200000 98.95
1754347260000 99.25
1754347320000 99.16
1754347380000 99.09
1754347440000 99.21
1754347500000 99.21
1754347560000 99.21
1754347620000 99.03
1754347680000 99.19
1754347740000 99.29
1754347800000 99.19
1754347860000 99.01
1754347920000 99.14
1754347980000 98.84
1754348040000 99.08
1754348100000 99.28
1754348160000 99.10
1754348220000 99.29
1754348280000 99.26
1754348340000 99.21
1754348400000 99.13
1754348460000 98.69
1754348520000 99.06
1754348580000 99.30
1754348640000 98.88
1754348700000 99.36
1754348760000 99.31
1754348820000 99.37
1754348880000 99.08
1754348940000 97.61
1754349000000 99.08
1754349060000 99.04
1754349120000 98.90
1754349180000 99.13
1754349240000 99.03
1754349300000 98.73
1754349360000 99.19
1754349420000 98.98
1754349480000 99.18
1754349540000 99.58
1754349600000 99.27
1754349660000 99.55
1754349720000 99.37
1754349780000 99.42
1754349840000 99.46
1754349900000 99.44
1754349960000 99.34
1754350020000 99.58
1754350080000 99.39
1754350140000 99.51
1754350200000 99.48
1754350260000 99.08
1754350320000 99.24
1754350380000 99.39
1754350440000 99.18
1754350500000 99.47
1754350560000 99.44
1754350620000 99.23
1754350680000 99.36
1754350740000 99.50
1754350800000 99.48
1754350860000 99.42
1754350920000 99.23
1754350980000 99.45
1754351040000 99.39
1754351100000 99.33
1754351160000 99.34
1754351220000 99.25
1754351280000 99.39
1754351340000 99.21
1754351400000 98.98
1754351460000 99.37
1754351520000 99.47
1754351580000 99.31
1754351640000 99.33
1754351700000 99.33
1754351760000 99.39
1754351820000 99.47
1754351880000 99.18
1754351940000 99.25
1754352000000 99.54
1754352060000 98.93
1754352120000 99.26
1754352180000 99.29
1754352240000 98.97
1754352300000 99.23
1754352360000 98.93
1754352420000 99.16
1754352480000 99.09
1754352540000 99.20
1754352600000 99.01
1754352660000 99.18
1754352720000 99.36
1754352780000 99.28
1754352840000 99.03
1754352900000 99.36
1754352960000 99.34
1754353020000 97.36
1754353080000 97.37
1754353140000 97.61
1754353200000 97.93
1754353260000 97.68
1754353320000 97.71
1754353380000 97.86
1754353440000 97.81
1754353500000 98.01
1754353560000 97.92
1754353620000 97.86
1754353680000 97.62
1754353740000 97.71
1754353800000 98.09
1754353860000 97.68
1754353920000 97.84
1754353980000 97.58
1754354040000 97.52
1754354100000 97.68
1754354160000 97.78
1754354220000 97.77
1754354280000 97.88
1754354340000 97.82
1754354400000 96.61
1754354460000 97.72
1754354520000 97.86
1754354580000 97.78
1754354640000 97.92
1754354700000 98.05
1754354760000 97.95
1754354820000 97.81
1754354880000 97.83
1754354940000 97.79
1754355000000 97.66
1754355060000 97.98
1754355120000 97.61
1754355180000 97.58
1754355240000 97.53
1754355300000 97.93
1754355360000 97.59
1754355420000 97.25
1754355480000 97.80
1754355540000 97.88
1754355600000 97.61
1754355660000 97.49
1754355720000 97.93
1754355780000 98.06
1754355840000 97.98
1754355900000 97.83
1754355960000 97.89
1754356020000 97.75
1754356080000 97.45
1754356140000 97.77
1754356200000 97.51
1754356260000 97.65
1754356320000 97.67
1754356380000 97.44
1754356440000 97.67
1754356500000 97.87
1754356560000 97.68
1754356620000 97.86
1754356680000 97.47
1754356740000 97.65
1754356800000 97.74
1754356860000 97.60
1754356920000 97.81
1754356980000 97.91
1754357040000 97.72
1754357100000 97.73
1754357160000 97.91
1754357220000 97.84
1754357280000 97.91
1754357340000 97.80
1754357400000 97.68
1754357460000 97.84
1754357520000 97.82
1754357580000 97.71
1754357640000 97.96
1754357700000 97.93
1754357760000 97.06
1754357820000 96.26
1754357880000 97.39
1754357940000 95.10
1754358000000 97.61
1754358060000 97.87
1754358120000 97.96
1754358180000 97.93
1754358240000 97.89
1754358300000 97.86
1754358360000 97.68
1754358420000 97.94
1754358480000 98.03
1754358540000 97.89
1754358600000 97.54
1754358660000 97.64
1754358720000 97.75
1754358780000 97.88
1754358840000 97.99
1754358900000 97.52
1754358960000 97.73
1754359020000 97.89
1754359080000 97.79
1754359140000 97.63
1754359200000 96.75
1754359260000 97.03
1754359320000 97.28
1754359380000 97.31
1754359440000 97.43
1754359500000 97.31
1754359560000 97.34
1754359620000 97.44
1754359680000 97.91
1754359740000 97.78
1754359800000 97.49
1754359860000 97.78
1754359920000 97.79
1754359980000 97.76
1754360040000 97.40
1754360100000 97.95
1754360160000 97.64
1754360220000 97.37
1754360280000 97.82
1754360340000 97.82
1754360400000 98.04
1754360460000 97.78
1754360520000 97.78
1754360580000 98.03
1754360640000 97.84
1754360700000 97.81
1754360760000 97.86
1754360820000 97.91
1754360880000 97.44
1754360940000 98.01
1754361000000 98.04
1754361060000 98.00
1754361120000 97.78
1754361180000 97.83
1754361240000 97.86
1754361300000 97.98
1754361360000 97.68
1754361420000 97.73
1754361480000 97.97
1754361540000 98.02
1754361600000 97.95
1754361660000 97.89
1754361720000 97.91
1754361780000 97.96
1754361840000 97.98
1754361900000 97.89
1754361960000 97.94
1754362020000 98.00
1754362080000 97.98
1754362140000 97.80
1754362200000 97.80
1754362260000 97.60
1754362320000 97.75
1754362380000 97.83
1754362440000 97.66
1754362500000 97.94
1754362560000 97.81
1754362620000 97.97
1754362680000 98.09
1754362740000 97.93
1754362800000 97.84
1754362860000 97.86
1754362920000 97.74
1754362980000 97.73
1754363040000 97.94
1754363100000 97.96
1754363160000 98.03
1754363220000 97.89
1754363280000 96.71
1754363340000 97.54
1754363400000 97.67
1754363460000 97.84
1754363520000 96.95
1754363580000 97.33
1754363640000 97.69
1754363700000 97.88
1754363760000 97.78
1754363820000 97.95
1754363880000 97.62
1754363940000 97.76
1754364000000 97.48
1754364060000 96.63
1754364120000 97.49
1754364180000 97.30
1754364240000 97.49
1754364300000 97.47
1754364360000 96.94
1754364420000 97.58
1754364480000 97.71
1754364540000 97.99
1754364600000 97.91
1754364660000 97.42
1754364720000 97.68
1754364780000 97.57
1754364840000 97.81
1754364900000 97.85
1754364960000 97.49
1754365020000 97.96
1754365080000 97.79
1754365140000 97.81
1754365200000 95.17
1754365260000 97.70
1754365320000 97.41
1754365380000 97.74
1754365440000 97.88
1754365500000 97.63
1754365560000 97.76
1754365620000 97.84
1754365680000 97.82
1754365740000 98.06
1754365800000 97.78
1754365860000 97.56
1754365920000 97.94
1754365980000 97.43
1754366040000 97.68
1754366100000 97.57
1754366160000 97.94
1754366220000 97.98
1754366280000 97.88
1754366340000 97.85
1754366400000 98.04
1754366460000 97.69
1754366520000 97.89
1754366580000 98.03
1754366640000 97.46
1754366700000 97.68
1754366760000 97.05
1754366820000 97.48
1754366880000 97.69
1754366940000 97.92
1754367000000 97.56
1754367060000 97.77
1754367120000 97.56
1754367180000 97.93
1754367240000 97.80
1754367300000 97.85
1754367360000 97.97
1754367420000 97.87
1754367480000 97.85
1754367540000 97.60
1754367600000 97.47
1754367660000 97.57
1754367720000 97.57
1754367780000 97.72
1754367840000 97.78
1754367900000 98.07
1754367960000 97.94
1754368020000 97.92
1754368080000 97.95
1754368140000 98.01
1754368200000 98.08
1754368260000 97.68
1754368320000 97.83
1754368380000 97.52
1754368440000 97.54
1754368500000 97.61
1754368560000 97.86
1754368620000 97.89
1754368680000 98.06
1754368740000 97.56
1754368800000 97.96
1754368860000 97.82
1754368920000 97.99
1754368980000 97.80
1754369040000 97.79
1754369100000 97.42
1754369160000 97.51
1754369220000 97.62
1754369280000 97.51
1754369340000 97.76
1754369400000 97.89
1754369460000 97.96
1754369520000 97.94
1754369580000 97.92
1754369640000 97.94
1754369700000 98.02
1754369760000 97.87
1754369820000 97.91
1754369880000 98.03
1754369940000 97.73
1754370000000 98.07
1754370060000 97.68
1754370120000 97.47
1754370180000 97.50
1754370240000 97.82
1754370300000 97.80
1754370360000 98.03
1754370420000 97.91
1754370480000 97.93
1754370540000 97.81
1754370600000 97.92
1754370660000 97.88
1754370720000 97.94
1754370780000 97.87
1754370840000 98.11
1754370900000 97.83
1754370960000 97.88
1754371020000 97.93
1754371080000 97.93
1754371140000 98.04
1754371200000 98.03
1754371260000 97.89
1754371320000 98.03
1754371380000 98.04
1754371440000 97.93
1754371500000 97.77
1754371560000 98.07
1754371620000 98.02
1754371680000 97.97
1754371740000 98.10
1754371800000 98.12
1754371860000 97.79
1754371920000 98.02
1754371980000 97.76
1754372040000 97.93
1754372100000 97.91
1754372160000 97.91
1754372220000 97.96
1754372280000 98.02
1754372340000 97.84
1754372400000 97.78
1754372460000 97.86
1754372520000 97.86
1754372580000 97.91
1754372640000 98.26
1754372700000 97.96
1754372760000 97.97
1754372820000 97.54
1754372880000 97.98
1754372940000 97.90
1754373000000 97.95
1754373060000 97.92
1754373120000 97.87
1754373180000 98.06
1754373240000 97.94
1754373300000 98.05
1754373360000 97.98
1754373420000 97.94
1754373480000 97.87
1754373540000 98.01
1754373600000 97.96
1754373660000 97.65
1754373720000 98.08
1754373780000 97.83
1754373840000 97.40
1754373900000 97.67
1754373960000 97.65
1754374020000 97.79
1754374080000 97.58
1754374140000 97.80
1754374200000 97.52
1754374260000 97.21
1754374320000 98.09
1754374380000 97.81
1754374440000 97.75
1754374500000 97.95
1754374560000 97.80
1754374620000 97.83
1754374680000 97.77
1754374740000 97.74
1754374800000 97.93
1754374860000 97.93
1754374920000 98.15
1754374980000 97.79
1754375040000 97.83
1754375100000 97.91
1754375160000 98.06
1754375220000 97.99
1754375280000 98.01
1754375340000 97.91
1754375400000 97.96
1754375460000 97.98
1754375520000 97.76
1754375580000 97.82
1754375640000 97.78
1754375700000 97.81
1754375760000 98.00
1754375820000 97.33
1754375880000 98.02
1754375940000 97.92
1754376000000 97.99
1754376060000 97.85
1754376120000 97.73
1754376180000 97.80
1754376240000 97.88
1754376300000 98.04
1754376360000 97.87
1754376420000 97.35
1754376480000 97.75
1754376540000 97.74
1754376600000 97.83
1754376660000 97.76
1754376720000 96.45
1754376780000 97.72
1754376840000 97.96
1754376900000 97.82
1754376960000 97.63
1754377020000 97.89
1754377080000 97.01
1754377140000 98.02
1754377200000 98.04
1754377260000 96.32
1754377320000 96.59
1754377380000 97.88
1754377440000 97.68
1754377500000 97.92
1754377560000 97.83
1754377620000 97.89
1754377680000 97.93
1754377740000 97.60
1754377800000 97.48
1754377860000 97.63
1754377920000 97.73
1754377980000 97.80
1754378040000 97.48
1754378100000 97.88
1754378160000 97.72
1754378220000 97.68
1754378280000 97.65
1754378340000 97.43
1754378400000 97.23
1754378460000 97.73
1754378520000 97.24
1754378580000 97.69
1754378640000 97.93
1754378700000 97.16
1754378760000 97.83
1754378820000 97.58
1754378880000 97.51
1754378940000 97.68
1754379000000 97.24
1754379060000 97.26
1754379120000 97.77
1754379180000 97.52
1754379240000 96.90
1754379300000 96.73
1754379360000 97.47
1754379420000 96.67
1754379480000 95.92
1754379540000 96.13
1754379600000 97.23
1754379660000 97.03
1754379720000 97.34
1754379780000 97.53
1754379840000 97.73
1754379900000 97.54
1754379960000 96.35
1754380020000 97.46
1754380080000 97.54
1754380140000 97.43
1754380200000 97.40
1754380260000 97.52
1754380320000 97.65
1754380380000 97.16
1754380440000 97.25
1754380500000 97.71
1754380560000 97.34
1754380620000 97.70
1754380680000 97.97
1754380740000 97.57
1754380800000 97.72
1754380860000 97.36
1754380920000 97.76
1754380980000 97.33
1754381040000 97.60
1754381100000 97.42
1754381160000 97.33
1754381220000 97.43
1754381280000 97.71
1754381340000 97.51
1754381400000 97.68
1754381460000 97.59
1754381520000 97.68
1754381580000 97.75
1754381640000 97.66
1754381700000 97.84
1754381760000 97.62
1754381820000 97.86
1754381880000 97.54
1754381940000 97.43
1754382000000 97.90
1754382060000 97.64
1754382120000 97.51
1754382180000 97.39
1754382240000 97.19
1754382300000 97.68
1754382360000 97.26
1754382420000 97.80
1754382480000 96.82
1754382540000 96.72
1754382600000 96.97
1754382660000 96.56
1754382720000 96.85
1754382780000 96.99
1754382840000 96.30
1754382900000 96.62
1754382960000 96.75
1754383020000 96.88
1754383080000 96.84
1754383140000 96.80
1754383200000 96.88
1754383260000 96.65
1754383320000 97.03
1754383380000 97.06
1754383440000 97.01
1754383500000 96.77
1754383560000 97.12
1754383620000 96.71
1754383680000 97.16
1754383740000 96.93
1754383800000 96.91
1754383860000 97.03
1754383920000 96.87
1754383980000 97.56
1754384040000 97.60
1754384100000 97.95
1754384160000 98.11
1754384220000 97.68
1754384280000 97.35
1754384340000 97.24
1754384400000 97.05
1754384460000 96.95
1754384520000 97.20
1754384580000 97.30
1754384640000 96.99
1754384700000 97.07
1754384760000 97.10
1754384820000 97.26
1754384880000 97.30
1754384940000 97.47
1754385000000 96.81
1754385060000 97.31
1754385120000 97.33
1754385180000 97.25
1754385240000 97.40
1754385300000 97.11
1754385360000 97.23
1754385420000 96.98
1754385480000 96.95
1754385540000 97.44
1754385600000 97.37
1754385660000 96.80
1754385720000 96.82
1754385780000 97.06
1754385840000 97.13
1754385900000 96.87
1754385960000 96.96
1754386020000 97.38
1754386080000 96.81
1754386140000 96.86
1754386200000 97.04
1754386260000 97.45
1754386320000 97.23
1754386380000 97.00
1754386440000 97.09
1754386500000 97.31
1754386560000 97.09
1754386620000 96.88
1754386680000 97.37
1754386740000 97.47
1754386800000 97.10
1754386860000 97.08
1754386920000 97.27
1754386980000 96.88
1754387040000 96.69
1754387100000 97.57
1754387160000 97.51
1754387220000 97.58
1754387280000 97.66
1754387340000 97.50
1754387400000 97.66
1754387460000 97.82
1754387520000 97.99
1754387580000 97.81
1754387640000 97.96
1754387700000 97.76
1754387760000 97.66
1754387820000 97.54
1754387880000 97.97
1754387940000 97.90
1754388000000 97.91
1754388060000 97.51
1754388120000 97.84
1754388180000 97.75
1754388240000 97.85
1754388300000 97.83
1754388360000 97.92
1754388420000 97.77
1754388480000 97.79
1754388540000 97.63
1754388600000 97.55
1754388660000 98.03
1754388720000 97.90
1754388780000 97.91
1754388840000 97.81
1754388900000 97.56
1754388960000 97.98
1754389020000 97.71
1754389080000 97.66
1754389140000 97.78
1754389200000 97.52
1754389260000 97.95
1754389320000 97.99
1754389380000 97.74
1754389440000 98.03
1754389500000 97.83
1754389560000 97.75
1754389620000 96.77
1754389680000 97.27
1754389740000 97.04
1754389800000 97.62
1754389860000 97.44
1754389920000 96.84
1754389980000 96.78
1754390040000 97.06
1754390100000 96.80
1754390160000 97.52
1754390220000 97.34
1754390280000 97.57
1754390340000 97.73
1754390400000 97.42
1754390460000 97.42
1754390520000 97.77
1754390580000 97.43
1754390640000 97.81
1754390700000 97.76
1754390760000 97.79
1754390820000 97.81
1754390880000 97.95
1754390940000 97.93
1754391000000 97.94
1754391060000 97.80
1754391120000 97.96
1754391180000 97.96
1754391240000 97.94
1754391300000 97.83
1754391360000 97.99
1754391420000 97.98
1754391480000 97.86
1754391540000 97.95
1754391600000 97.88
1754391660000 97.43
1754391720000 97.75
1754391780000 97.77
1754391840000 97.88
1754391900000 97.41
1754391960000 97.84
1754392020000 97.87
1754392080000 97.97
1754392140000 97.66
1754392200000 98.06
1754392260000 98.05
1754392320000 98.02
1754392380000 97.31
1754392440000 98.14
1754392500000 97.73
1754392560000 98.01
1754392620000 97.96
1754392680000 97.82
1754392740000 98.00
1754392800000 97.93
1754392860000 97.94
1754392920000 97.79
1754392980000 97.75
1754393040000 97.76
1754393100000 97.69
1754393160000 98.05
1754393220000 97.89
1754393280000 97.71
1754393340000 97.84
1754393400000 98.05
1754393460000 97.69
1754393520000 97.82
1754393580000 97.82
1754393640000 97.89
1754393700000 97.63
1754393760000 97.83
1754393820000 97.85
1754393880000 98.00
1754393940000 97.87
1754394000000 97.84
1754394060000 97.87
1754394120000 97.86
1754394180000 97.85
1754394240000 97.78
1754394300000 97.93
1754394360000 97.98
1754394420000 97.84
1754394480000 97.70
1754394540000 97.73
1754394600000 97.67
1754394660000 97.72
1754394720000 97.69
1754394780000 96.94
1754394840000 96.31
1754394900000 97.44
1754394960000 97.56
1754395020000 97.66
1754395080000 97.93
1754395140000 97.75
1754395200000 97.76
1754395260000 96.61
1754395320000 97.03
1754395380000 97.49
1754395440000 97.51
1754395500000 97.80
1754395560000 97.97
1754395620000 97.36
1754395680000 97.64
1754395740000 97.65
1754395800000 97.66
1754395860000 97.65
1754395920000 97.68
1754395980000 97.08
1754396040000 97.74
1754396100000 97.33
1754396160000 97.44
1754396220000 97.63
1754396280000 97.36
1754396340000 97.21
1754396400000 97.07
1754396460000 97.52
1754396520000 97.39
1754396580000 96.12
1754396640000 96.16
1754396700000 97.32
1754396760000 97.37
1754396820000 96.72
1754396880000 97.50
1754396940000 97.41
1754397000000 97.67
1754397060000 97.56
1754397120000 96.74
1754397180000 97.28
1754397240000 97.40
1754397300000 97.57
1754397360000 97.60
1754397420000 97.26
1754397480000 96.91
1754397540000 96.35
1754397600000 93.86
1754397660000 96.43
1754397720000 96.71
1754397780000 96.65
1754397840000 97.66
1754397900000 97.07
1754397960000 97.14
1754398020000 97.14
1754398080000 96.53
1754398140000 97.27
1754398200000 97.51
1754398260000 97.47
1754398320000 97.37
1754398380000 97.09
1754398440000 97.08
1754398500000 97.35
1754398560000 97.52
1754398620000 97.53
1754398680000 97.65
1754398740000 97.41
1754398800000 97.23
1754398860000 97.05
1754398920000 97.36
1754398980000 97.63
1754399040000 97.39
1754399100000 97.69
1754399160000 97.53
1754399220000 97.45
1754399280000 96.41
1754399340000 95.89
1754399400000 97.61
1754399460000 97.08
1754399520000 97.51
1754399580000 97.56
1754399640000 97.79
1754399700000 97.65
1754399760000 94.65
1754399820000 97.48
1754399880000 97.37
1754399940000 97.39
1754400000000 97.30
1754400060000 97.39
1754400120000 97.79
1754400180000 97.70
1754400240000 97.52
1754400300000 97.41
1754400360000 97.75
1754400420000 97.78
1754400480000 97.49
1754400540000 97.74
1754400600000 97.49
1754400660000 97.33
1754400720000 97.34
1754400780000 97.21
1754400840000 96.43
1754400900000 96.92
1754400960000 97.23
1754401020000 97.32
1754401080000 97.10
1754401140000 97.33
1754401200000 97.02
1754401260000 97.29
1754401320000 97.17
1754401380000 97.37
1754401440000 97.42
1754401500000 97.45
1754401560000 97.34
1754401620000 97.68
1754401680000 97.67
1754401740000 97.20
1754401800000 97.26
1754401860000 97.30
1754401920000 97.53
1754401980000 97.54
1754402040000 97.59
1754402100000 97.33
1754402160000 97.33
1754402220000 96.35
1754402280000 97.41
1754402340000 97.71
1754402400000 97.41
1754402460000 96.48
1754402520000 96.69
1754402580000 96.68
1754402640000 96.60
1754402700000 97.00
1754402760000 96.35
1754402820000 96.50
1754402880000 96.53
1754402940000 96.75
1754403000000 97.21
1754403060000 97.17
1754403120000 96.49
1754403180000 96.12
1754403240000 97.30
1754403300000 96.93
1754403360000 94.86
1754403420000 95.47
1754403480000 96.83
1754403540000 96.70
1754403600000 96.88
1754403660000 96.20
1754403720000 95.76
1754403780000 94.94
1754403840000 96.68
1754403900000 96.53
1754403960000 96.97
1754404020000 96.81
1754404080000 96.38
1754404140000 96.66
1754404200000 96.76
1754404260000 96.87
1754404320000 96.83
1754404380000 96.36
1754404440000 96.41
1754404500000 96.95
1754404560000 97.08
1754404620000 97.10
1754404680000 97.22
1754404740000 97.12
1754404800000 97.38
1754404860000 96.13
1754404920000 97.35
1754404980000 96.10
1754405040000 97.01
1754405100000 97.25
1754405160000 96.43
1754405220000 96.96
1754405280000 98.34
1754405340000 98.49
1754405400000 98.73
1754405460000 98.60
1754405520000 98.95
1754405580000 98.58
1754405640000 98.91
1754405700000 98.70
1754405760000 98.80
1754405820000 98.95
1754405880000 98.71
1754405940000 98.70
1754406000000 98.59
1754406060000 97.76
1754406120000 98.49
1754406180000 98.72
1754406240000 98.51
1754406300000 98.83
1754406360000 98.82
1754406420000 98.14
1754406480000 98.35
1754406540000 98.72
1754406600000 98.40
1754406660000 98.53
1754406720000 98.43
1754406780000 98.91
1754406840000 98.88
1754406900000 98.89
1754406960000 98.96
1754407020000 99.01
1754407080000 98.61
1754407140000 99.04
1754407200000 98.99
1754407260000 99.04
1754407320000 99.03
1754407380000 98.64
1754407440000 98.28
1754407500000 98.49
1754407560000 98.95
1754407620000 98.14
1754407680000 98.67
1754407740000 98.92
1754407800000 99.03
1754407860000 98.47
1754407920000 98.52
1754407980000 98.65
1754408040000 98.45
1754408100000 98.70
1754408160000 97.65
1754408220000 98.36
1754408280000 98.75
1754408340000 98.83
1754408400000 98.82
1754408460000 98.80
1754408520000 98.77
1754408580000 99.02
1754408640000 98.51
1754408700000 99.00
1754408760000 98.67
1754408820000 98.88
1754408880000 98.79
1754408940000 98.70
1754409000000 98.68
1754409060000 98.50
1754409120000 98.66
1754409180000 99.13
1754409240000 98.71
1754409300000 99.07
1754409360000 98.73
1754409420000 98.64
1754409480000 98.69
1754409540000 99.03
1754409600000 98.72
1754409660000 98.55
1754409720000 99.01
1754409780000 99.06
1754409840000 98.69
1754409900000 98.65
1754409960000 98.15
1754410020000 98.94
1754410080000 99.10
1754410140000 99.07
1754410200000 98.55
1754410260000 99.21
1754410320000 99.03
1754410380000 99.04
1754410440000 99.05
1754410500000 99.18
1754410560000 98.17
1754410620000 98.90
1754410680000 98.88
1754410740000 99.08
1754410800000 99.30
1754410860000 99.18
1754410920000 98.76
1754410980000 99.19
1754411040000 98.93
1754411100000 98.78
1754411160000 99.15
1754411220000 99.16
1754411280000 98.81
1754411340000 99.20
1754411400000 99.06
1754411460000 98.42
1754411520000 99.01
1754411580000 98.81
1754411640000 98.97
1754411700000 99.18
1754411760000 98.91
1754411820000 99.27
1754411880000 99.09
1754411940000 99.04
1754412000000 98.95
1754412060000 97.72
1754412120000 98.53
1754412180000 99.05
1754412240000 98.78
1754412300000 99.02
1754412360000 98.97
1754412420000 99.09
1754412480000 99.05
1754412540000 98.96
1754412600000 98.90
1754412660000 99.11
1754412720000 98.76
1754412780000 98.87
1754412840000 99.09
1754412900000 99.25
1754412960000 98.97
1754413020000 99.11
1754413080000 98.91
1754413140000 99.15
1754413200000 99.11
1754413260000 99.00
1754413320000 98.86
1754413380000 99.18
1754413440000 98.79
1754413500000 99.13
1754413560000 98.80
1754413620000 99.19
1754413680000 99.10
1754413740000 99.03
1754413800000 99.00
1754413860000 99.18
1754413920000 99.05
1754413980000 99.13
1754414040000 99.04
1754414100000 99.26
1754414160000 99.08
1754414220000 99.19
1754414280000 99.08
1754414340000 99.08
1754414400000 99.21
1754414460000 99.13
1754414520000 98.94
1754414580000 99.24
1754414640000 99.14
1754414700000 99.07
1754414760000 99.26
1754414820000 99.02
1754414880000 99.03
1754414940000 99.23
1754415000000 99.28
1754415060000 99.17
1754415120000 99.29
1754415180000 99.34
1754415240000 99.04
1754415300000 99.15
1754415360000 99.30
1754415420000 99.38
1754415480000 99.31
1754415540000 99.40
1754415600000 99.44
1754415660000 99.30
1754415720000 99.17
1754415780000 99.45
1754415840000 99.42
1754415900000 99.42
1754415960000 98.97
1754416020000 99.15
1754416080000 99.16
1754416140000 99.23
1754416200000 99.35
1754416260000 99.37
1754416320000 99.39
1754416380000 99.39
1754416440000 99.35
1754416500000 99.24
1754416560000 98.93
1754416620000 99.28
1754416680000 99.26
1754416740000 99.48
1754416800000 99.24
1754416860000 99.14
1754416920000 99.19
1754416980000 99.16
1754417040000 99.29
1754417100000 99.05
1754417160000 99.26
1754417220000 99.26
1754417280000 99.27
1754417340000 99.49
1754417400000 99.07
1754417460000 99.26
1754417520000 99.33
1754417580000 99.47
1754417640000 99.39
1754417700000 99.31
1754417760000 98.86
1754417820000 99.28
1754417880000 98.90
1754417940000 99.35
1754418000000 99.40
1754418060000 99.43
1754418120000 99.40
1754418180000 99.42
1754418240000 99.32
1754418300000 99.34
1754418360000 99.36
1754418420000 99.12
1754418480000 99.18
1754418540000 99.23
1754418600000 99.50
1754418660000 99.35
1754418720000 99.42
1754418780000 99.08
1754418840000 99.40
1754418900000 99.56
1754418960000 99.02
1754419020000 99.19
1754419080000 99.28
1754419140000 99.19
1754419200000 99.20
1754419260000 99.08
1754419320000 99.40
1754419380000 99.20
1754419440000 99.02
1754419500000 99.24
1754419560000 99.19
1754419620000 99.30
1754419680000 98.71
1754419740000 98.91
1754419800000 99.30
1754419860000 99.23
1754419920000 99.14
1754419980000 99.21
1754420040000 99.35
1754420100000 99.28
1754420160000 99.36
1754420220000 99.47
1754420280000 99.39
1754420340000 99.53
1754420400000 99.40
1754420460000 98.78
1754420520000 99.11
1754420580000 99.42
1754420640000 99.43
1754420700000 99.30
1754420760000 99.27
1754420820000 99.39
1754420880000 99.34
1754420940000 99.32
1754421000000 99.42
1754421060000 98.91
1754421120000 99.39
1754421180000 99.39
1754421240000 99.34
1754421300000 99.46
1754421360000 99.12
1754421420000 99.14
1754421480000 99.31
1754421540000 99.32
1754421600000 99.29
1754421660000 99.45
1754421720000 99.46
1754421780000 99.30
1754421840000 99.31
1754421900000 99.55
1754421960000 98.75
1754422020000 99.33
1754422080000 99.43
1754422140000 99.44
1754422200000 99.41
1754422260000 99.42
1754422320000 99.35
1754422380000 99.29
1754422440000 99.47
1754422500000 99.40
1754422560000 99.39
1754422620000 99.43
1754422680000 99.42
1754422740000 99.38
1754422800000 99.29
1754422860000 99.57
1754422920000 99.30
1754422980000 99.38
1754423040000 99.35
1754423100000 99.53
1754423160000 98.77
1754423220000 99.34
1754423280000 99.40
1754423340000 99.32
1754423400000 99.31
1754423460000 98.86
1754423520000 99.07
1754423580000 99.29
1754423640000 99.37
1754423700000 99.46
1754423760000 99.08
1754423820000 99.32
1754423880000 99.41
1754423940000 98.85
1754424000000 98.79
1754424060000 99.10
1754424120000 99.36
1754424180000 99.39
1754424240000 99.38
1754424300000 99.43
1754424360000 99.21
1754424420000 99.17
1754424480000 99.05
1754424540000 99.33
1754424600000 99.32
1754424660000 98.92
1754424720000 99.28
1754424780000 99.27
1754424840000 99.27
1754424900000 98.68
1754424960000 98.93
1754425020000 99.25
1754425080000 99.11
1754425140000 99.38
1754425200000 98.55
1754425260000 98.46
1754425320000 99.11
1754425380000 99.29
1754425440000 99.14
1754425500000 99.37
1754425560000 99.13
1754425620000 99.26
1754425680000 98.73
1754425740000 99.48
1754425800000 99.25
1754425860000 99.38
1754425920000 99.34
1754425980000 99.49
1754426040000 99.47
1754426100000 99.11
1754426160000 99.45
1754426220000 99.49
1754426280000 99.23
1754426340000 99.35
1754426400000 99.33
1754426460000 99.37
1754426520000 99.42
1754426580000 99.37
1754426640000 99.42
1754426700000 99.57
1754426760000 99.49
1754426820000 99.55
1754426880000 99.47
1754426940000 99.16
1754427000000 99.24
1754427060000 99.22
1754427120000 99.32
1754427180000 99.43
1754427240000 99.42
1754427300000 99.56
1754427360000 99.36
1754427420000 98.93
1754427480000 99.23
1754427540000 99.51
1754427600000 99.37
1754427660000 98.71
1754427720000 99.34
1754427780000 99.48
1754427840000 99.39
1754427900000 99.54
1754427960000 99.40
1754428020000 99.29
1754428080000 98.46
1754428140000 97.96
1754428200000 99.35
1754428260000 99.53
1754428320000 99.50
1754428380000 99.48
1754428440000 99.42
1754428500000 99.05
1754428560000 99.30
1754428620000 99.44
1754428680000 99.41
1754428740000 99.54
1754428800000 99.32
1754428860000 99.47
1754428920000 99.46
1754428980000 99.54
1754429040000 99.40
1754429100000 99.53
1754429160000 99.49
1754429220000 99.57
1754429280000 99.61
1754429340000 99.62
1754429400000 99.47
1754429460000 99.52
1754429520000 99.51
1754429580000 99.55
1754429640000 99.42
1754429700000 99.54
1754429760000 99.58
1754429820000 99.70
1754429880000 99.58
1754429940000 99.59
1754430000000 99.58
1754430060000 99.45
1754430120000 99.49
1754430180000 99.69
1754430240000 99.54
1754430300000 99.59
1754430360000 99.67
1754430420000 99.65
1754430480000 99.59
1754430540000 99.57
1754430600000 99.53
1754430660000 98.67
1754430720000 99.36
1754430780000 99.52
1754430840000 99.52
1754430900000 99.55
1754430960000 99.55
1754431020000 99.52
1754431080000 99.47
1754431140000 99.63
1754431200000 99.52
1754431260000 97.99
1754431320000 99.14
1754431380000 97.31
1754431440000 98.57
1754431500000 98.85
1754431560000 99.15
1754431620000 99.16
1754431680000 99.13
1754431740000 99.25
1754431800000 99.27
1754431860000 99.23
1754431920000 99.26
1754431980000 99.25
1754432040000 99.21
1754432100000 99.40
1754432160000 99.38
1754432220000 99.20
1754432280000 99.39
1754432340000 99.39
1754432400000 99.29
1754432460000 99.43
1754432520000 99.53
1754432580000 99.52
1754432640000 99.52
1754432700000 99.51
1754432760000 99.50
1754432820000 99.59
1754432880000 99.50
1754432940000 99.48
1754433000000 99.38
1754433060000 99.42
1754433120000 99.47
1754433180000 99.53
1754433240000 99.47
1754433300000 99.53
1754433360000 99.28
1754433420000 99.47
1754433480000 99.21
1754433540000 99.33
1754433600000 99.30
1754433660000 98.86
1754433720000 99.29
1754433780000 99.36
1754433840000 99.48
1754433900000 99.52
1754433960000 99.20
1754434020000 99.52
1754434080000 99.39
1754434140000 99.49
1754434200000 99.42
1754434260000 99.47
1754434320000 99.41
1754434380000 99.04
1754434440000 99.22
1754434500000 99.50
1754434560000 99.50
1754434620000 99.33
1754434680000 99.40
1754434740000 99.58
1754434800000 99.44
1754434860000 99.39
1754434920000 99.38
1754434980000 99.51
1754435040000 98.83
1754435100000 99.39
1754435160000 99.16
1754435220000 99.38
1754435280000 99.53
1754435340000 99.08
1754435400000 99.43
1754435460000 99.36
1754435520000 96.65
1754435580000 99.10
1754435640000 99.27
1754435700000 99.49
1754435760000 99.03
1754435820000 99.30
1754435880000 99.16
1754435940000 99.19
1754436000000 99.14
1754436060000 99.36
1754436120000 99.28
1754436180000 99.40
1754436240000 99.03
1754436300000 99.42
1754436360000 99.46
1754436420000 99.52
1754436480000 99.49
1754436540000 99.49
1754436600000 99.53
1754436660000 99.48
1754436720000 99.34
1754436780000 99.47
1754436840000 99.29
1754436900000 99.49
1754436960000 99.49
1754437020000 99.48
1754437080000 99.39
1754437140000 99.50
1754437200000 99.46
1754437260000 99.45
1754437320000 99.30
1754437380000 99.29
1754437440000 99.09
1754437500000 99.44
1754437560000 99.19
1754437620000 99.02
1754437680000 97.78
1754437740000 98.86
1754437800000 99.44
1754437860000 99.46
1754437920000 99.39
1754437980000 99.60
1754438040000 99.50
1754438100000 99.36
1754438160000 99.35
1754438220000 99.64
1754438280000 99.29
1754438340000 99.64
1754438400000 99.52
1754438460000 99.26
1754438520000 99.39
1754438580000 99.17
1754438640000 99.19
1754438700000 99.50
1754438760000 99.31
1754438820000 99.54
1754438880000 99.47
1754438940000 99.36
1754439000000 99.11
1754439060000 99.38
1754439120000 99.32
1754439180000 98.90
1754439240000 99.14
1754439300000 99.43
1754439360000 99.40
1754439420000 99.43
1754439480000 98.89
1754439540000 99.35
1754439600000 98.75
1754439660000 99.42
1754439720000 99.48
1754439780000 99.42
1754439840000 99.33
1754439900000 99.54
1754439960000 99.30
1754440020000 99.10
1754440080000 99.36
1754440140000 99.62
1754440200000 99.26
1754440260000 99.24
1754440320000 99.38
1754440380000 99.26
1754440440000 99.42
1754440500000 99.46
1754440560000 99.29
1754440620000 99.37
1754440680000 99.10
1754440740000 99.44
1754440800000 99.29
1754440860000 99.37
1754440920000 99.19
1754440980000 99.16
1754441040000 99.45
1754441100000 99.54
1754441160000 99.14
1754441220000 98.61
1754441280000 98.02
1754441340000 98.35
1754441400000 98.13
1754441460000 98.38
1754441520000 98.18
1754441580000 98.39
1754441640000 98.27
1754441700000 98.61
1754441760000 98.40
1754441820000 98.45
1754441880000 98.32
1754441940000 98.51
1754442000000 98.47
1754442060000 98.03
1754442120000 98.27
1754442180000 98.01
1754442240000 98.49
1754442300000 98.57
1754442360000 98.46
1754442420000 98.55
1754442480000 98.55
1754442540000 98.43
1754442600000 98.42
1754442660000 98.48
1754442720000 98.54
1754442780000 98.74
1754442840000 99.51
1754442900000 99.56
1754442960000 99.46
1754443020000 99.47
1754443080000 99.08
1754443140000 99.14
1754443200000 99.22
1754443260000 99.38
1754443320000 99.17
1754443380000 99.24
1754443440000 99.30
1754443500000 99.37
1754443560000 99.48
1754443620000 99.29
1754443680000 99.46
1754443740000 99.27
1754443800000 99.36
1754443860000 99.31
1754443920000 99.10
1754443980000 99.44
1754444040000 99.34
1754444100000 99.48
1754444160000 99.49
1754444220000 98.97
1754444280000 99.38
1754444340000 99.33
1754444400000 99.44
1754444460000 99.29
1754444520000 98.83
1754444580000 99.26
1754444640000 99.47
1754444700000 99.45
1754444760000 99.45
1754444820000 99.41
1754444880000 99.36
1754444940000 99.28
1754445000000 99.22
1754445060000 99.19
1754445120000 99.14
1754445180000 99.37
1754445240000 99.19
1754445300000 99.40
1754445360000 99.51
1754445420000 99.32
1754445480000 99.27
1754445540000 99.40
1754445600000 99.38
1754445660000 98.84
1754445720000 99.47
1754445780000 99.54
1754445840000 99.54
1754445900000 99.53
1754445960000 99.45
1754446020000 99.46
1754446080000 99.46
1754446140000 99.35
1754446200000 99.57
1754446260000 99.11
1754446320000 99.11
1754446380000 99.31
1754446440000 99.06
1754446500000 99.22
1754446560000 99.07
1754446620000 99.11
1754446680000 99.07
1754446740000 98.96
1754446800000 99.07
1754446860000 99.22
1754446920000 98.80
1754446980000 98.93
1754447040000 99.17
1754447100000 99.27
1754447160000 99.31
1754447220000 99.19
1754447280000 98.90
1754447340000 99.27
1754447400000 99.31
1754447460000 99.21
1754447520000 99.25
1754447580000 99.43
1754447640000 99.52
1754447700000 99.49
1754447760000 99.47
1754447820000 99.52
1754447880000 99.48
1754447940000 99.41
1754448000000 99.47
1754448060000 99.39
1754448120000 99.49
1754448180000 99.56
1754448240000 99.44
1754448300000 99.11
1754448360000 99.31
1754448420000 99.43
1754448480000 99.42
1754448540000 99.44
1754448600000 99.45
1754448660000 99.10
1754448720000 99.10
1754448780000 99.41
1754448840000 99.44
1754448900000 99.47
1754448960000 99.39
1754449020000 99.44
1754449080000 99.23
1754449140000 99.45
1754449200000 99.56
1754449260000 99.27
1754449320000 99.50
1754449380000 99.34
1754449440000 99.47
1754449500000 99.42
1754449560000 99.44
1754449620000 99.25
1754449680000 99.46
1754449740000 99.39
1754449800000 99.61
1754449860000 99.48
1754449920000 99.54
1754449980000 99.52
1754450040000 99.53
1754450100000 99.50
1754450160000 98.97
1754450220000 99.27
1754450280000 99.13
1754450340000 99.38
1754450400000 99.39
1754450460000 99.32
1754450520000 99.25
1754450580000 99.20
1754450640000 99.32
1754450700000 99.44
1754450760000 98.90
1754450820000 99.27
1754450880000 99.01
1754450940000 99.50
1754451000000 99.48
1754451060000 99.39
1754451120000 99.38
1754451180000 99.29
1754451240000 99.54
1754451300000 99.53
1754451360000 99.41
1754451420000 99.42
1754451480000 99.56
1754451540000 99.53
1754451600000 99.59
1754451660000 99.53
1754451720000 99.62
1754451780000 99.44
1754451840000 99.54
1754451900000 99.54
1754451960000 99.54
1754452020000 99.47
1754452080000 99.44
1754452140000 99.59
1754452200000 99.58
1754452260000 99.31
1754452320000 99.45
1754452380000 99.56
1754452440000 99.41
1754452500000 99.39
1754452560000 99.45
1754452620000 99.36
1754452680000 99.23
1754452740000 96.20
1754452800000 99.09
1754452860000 98.83
1754452920000 99.18
1754452980000 99.14
1754453040000 97.60
1754453100000 99.03
1754453160000 99.03
1754453220000 99.13
1754453280000 99.11
1754453340000 99.40
1754453400000 99.49
1754453460000 99.38
1754453520000 99.47
1754453580000 97.22
1754453640000 99.24
1754453700000 98.94
1754453760000 99.31
1754453820000 99.44
1754453880000 99.38
1754453940000 99.37
1754454000000 99.41
1754454060000 99.54
1754454120000 99.49
1754454180000 99.44
1754454240000 99.42
1754454300000 99.44
1754454360000 98.41
1754454420000 98.34
1754454480000 98.43
1754454540000 99.51
1754454600000 99.31
1754454660000 99.56
1754454720000 99.55
1754454780000 99.54
1754454840000 99.58
1754454900000 99.56
1754454960000 99.43
1754455020000 99.62
1754455080000 99.52
1754455140000 99.36
1754455200000 99.51
1754455260000 99.64
1754455320000 99.52
1754455380000 99.60
1754455440000 99.57
1754455500000 99.59
1754455560000 99.52
1754455620000 99.32
1754455680000 99.59
1754455740000 99.32
1754455800000 99.47
1754455860000 99.55
1754455920000 99.46
1754455980000 99.58
1754456040000 99.54
1754456100000 99.47
1754456160000 99.50
1754456220000 99.59
1754456280000 99.62
1754456340000 99.23
1754456400000 99.42
1754456460000 99.13
1754456520000 99.42
1754456580000 99.29
1754456640000 99.65
1754456700000 99.40
1754456760000 98.87
1754456820000 99.15
1754456880000 99.31
1754456940000 98.72
1754457000000 99.25
1754457060000 98.38
1754457120000 98.91
1754457180000 99.27
1754457240000 98.90
1754457300000 98.93
1754457360000 98.59
1754457420000 97.21
1754457480000 98.77
1754457540000 98.57
1754457600000 98.98
1754457660000 98.57
1754457720000 98.99
1754457780000 99.21
1754457840000 98.63
1754457900000 97.71
1754457960000 98.71
1754458020000 99.15
1754458080000 99.33
1754458140000 99.37
1754458200000 99.58
1754458260000 99.26
1754458320000 99.44
1754458380000 99.37
1754458440000 99.13
1754458500000 99.13
1754458560000 99.35
1754458620000 98.03
1754458680000 97.27
1754458740000 98.73
1754458800000 98.65
1754458860000 98.53
1754458920000 99.04
1754458980000 98.97
1754459040000 99.24
1754459100000 98.94
1754459160000 98.97
1754459220000 98.67
1754459280000 99.12
1754459340000 98.96
1754459400000 98.70
1754459460000 98.98
1754459520000 97.75
1754459580000 98.82
1754459640000 99.27
1754459700000 99.12
1754459760000 99.17
1754459820000 99.16
1754459880000 99.31
1754459940000 99.17
1754460000000 99.27
1754460060000 98.67
1754460120000 99.21
1754460180000 98.63
1754460240000 99.06
1754460300000 99.03
1754460360000 98.97
1754460420000 98.82
1754460480000 98.99
1754460540000 99.04
1754460600000 98.52
1754460660000 99.16
1754460720000 99.26
1754460780000 99.30
1754460840000 99.17
1754460900000 99.22
1754460960000 99.04
1754461020000 98.95
1754461080000 99.16
1754461140000 98.95
1754461200000 98.93
1754461260000 99.13
1754461320000 99.09
1754461380000 99.22
1754461440000 98.99
1754461500000 99.31
1754461560000 99.18
1754461620000 99.34
1754461680000 99.02
1754461740000 99.15
1754461800000 99.20
1754461860000 99.06
1754461920000 99.26
1754461980000 99.16
1754462040000 99.16
1754462100000 99.11
1754462160000 99.11
1754462220000 99.22
1754462280000 99.11
1754462340000 99.29
1754462400000 99.30
1754462460000 99.06
1754462520000 98.87
1754462580000 98.98
1754462640000 99.08
1754462700000 99.42
1754462760000 99.26
1754462820000 99.15
1754462880000 99.06
1754462940000 99.01
1754463000000 98.86
1754463060000 99.19
1754463120000 99.25
1754463180000 99.19
1754463240000 99.11
1754463300000 99.31
1754463360000 99.09
1754463420000 99.39
1754463480000 99.21
1754463540000 99.24
1754463600000 99.39
1754463660000 98.34
1754463720000 99.10
1754463780000 98.23
1754463840000 99.14
1754463900000 99.22
1754463960000 97.94
1754464020000 99.10
1754464080000 98.91
1754464140000 98.80
1754464200000 99.08
1754464260000 98.98
1754464320000 99.19
1754464380000 98.76
1754464440000 98.25
1754464500000 98.71
1754464560000 98.82
1754464620000 98.88
1754464680000 99.11
1754464740000 98.99
1754464800000 98.91
1754464860000 99.13
1754464920000 99.04
1754464980000 99.02
1754465040000 98.89
1754465100000 98.89
1754465160000 99.16
1754465220000 98.75
1754465280000 99.02
1754465340000 99.03
1754465400000 98.82
1754465460000 99.02
1754465520000 99.11
1754465580000 98.90
1754465640000 98.93
1754465700000 98.79
1754465760000 99.06
1754465820000 99.06
1754465880000 99.36
1754465940000 99.10
1754466000000 98.85
1754466060000 99.14
1754466120000 99.31
1754466180000 99.34
1754466240000 99.19
1754466300000 98.84
1754466360000 99.30
1754466420000 99.07
1754466480000 99.39
1754466540000 99.30
1754466600000 99.15
1754466660000 99.22
1754466720000 99.36
1754466780000 99.16
1754466840000 99.36
1754466900000 99.28
1754466960000 99.39
1754467020000 98.96
1754467080000 97.75
1754467140000 98.68
1754467200000 99.37
1754467260000 98.97
1754467320000 99.11
1754467380000 99.14
1754467440000 99.36
1754467500000 99.26
1754467560000 99.20
1754467620000 99.15
1754467680000 99.09
1754467740000 99.14
1754467800000 99.26
1754467860000 98.58
1754467920000 99.21
1754467980000 99.28
1754468040000 99.06
1754468100000 99.33
1754468160000 98.98
1754468220000 99.26
1754468280000 99.13
1754468340000 99.12
1754468400000 99.13
1754468460000 99.23
1754468520000 99.36
1754468580000 98.97
1754468640000 99.27
1754468700000 99.37
1754468760000 99.11
1754468820000 99.32
1754468880000 99.32
1754468940000 99.26
1754469000000 99.23
1754469060000 98.96
1754469120000 99.05
1754469180000 99.34
1754469240000 99.24
1754469300000 99.36
1754469360000 99.32
1754469420000 99.24
1754469480000 99.39
1754469540000 99.36
1754469600000 98.62
1754469660000 99.18
1754469720000 99.13
1754469780000 99.19
1754469840000 99.03
1754469900000 98.86
1754469960000 98.90
1754470020000 98.62
1754470080000 99.29
1754470140000 99.05
1754470200000 99.26
1754470260000 99.16
1754470320000 99.00
1754470380000 99.26
1754470440000 99.05
1754470500000 99.36
1754470560000 99.35
1754470620000 99.36
1754470680000 99.48
1754470740000 99.43
1754470800000 99.53
1754470860000 99.13
1754470920000 99.33
1754470980000 99.24
1754471040000 99.39
1754471100000 99.41
1754471160000 99.42
1754471220000 99.32
1754471280000 99.24
1754471340000 99.35
1754471400000 99.49
1754471460000 99.31
1754471520000 99.45
1754471580000 99.25
1754471640000 99.21
1754471700000 98.38
1754471760000 98.03
1754471820000 99.06
1754471880000 99.13
1754471940000 99.28
1754472000000 99.34
1754472060000 99.16
1754472120000 99.09
1754472180000 99.42
1754472240000 99.31
1754472300000 99.17
1754472360000 99.39
1754472420000 99.09
1754472480000 99.32
1754472540000 99.25
1754472600000 99.26
1754472660000 98.97
1754472720000 99.04
1754472780000 99.14
1754472840000 99.30
1754472900000 99.43
1754472960000 99.23
1754473020000 99.30
1754473080000 99.19
1754473140000 99.17
1754473200000 99.35
1754473260000 99.40
1754473320000 99.31
1754473380000 99.47
1754473440000 99.49
1754473500000 99.42
1754473560000 99.49
1754473620000 99.34
1754473680000 99.44
1754473740000 99.34
1754473800000 99.40
1754473860000 99.46
1754473920000 99.45
1754473980000 99.50
1754474040000 99.42
1754474100000 99.39
1754474160000 99.42
1754474220000 99.44
1754474280000 99.10
1754474340000 99.31
1754474400000 99.51
1754474460000 98.89
1754474520000 99.46
1754474580000 99.29
1754474640000 99.31
1754474700000 99.40
1754474760000 99.51
1754474820000 99.31
1754474880000 99.44
1754474940000 99.44
1754475000000 99.28
1754475060000 99.40
1754475120000 99.28
1754475180000 99.00
1754475240000 99.46
1754475300000 99.47
1754475360000 99.34
1754475420000 99.31
1754475480000 99.30
1754475540000 99.40
1754475600000 98.36
1754475660000 99.10
1754475720000 99.13
1754475780000 99.36
1754475840000 99.33
1754475900000 99.38
1754475960000 98.12
1754476020000 99.26
1754476080000 99.31
1754476140000 99.51
1754476200000 99.11
1754476260000 98.89
1754476320000 99.25
1754476380000 99.43
1754476440000 99.30
1754476500000 99.34
1754476560000 99.19
1754476620000 97.12
1754476680000 99.28
1754476740000 99.30
1754476800000 99.45
1754476860000 99.38
1754476920000 99.38
1754476980000 99.48
1754477040000 99.34
1754477100000 99.54
1754477160000 99.49
1754477220000 99.15
1754477280000 99.46
1754477340000 99.44
1754477400000 99.47
1754477460000 99.45
1754477520000 99.42
1754477580000 99.42
1754477640000 98.63
1754477700000 98.28
1754477760000 97.82
1754477820000 98.08
1754477880000 98.09
1754477940000 98.39
1754478000000 98.37
1754478060000 97.92
1754478120000 98.11
1754478180000 98.28
1754478240000 98.37
1754478300000 98.41
1754478360000 98.32
1754478420000 98.27
1754478480000 97.91
1754478540000 98.03
1754478600000 97.98
1754478660000 98.30
1754478720000 98.05
1754478780000 98.34
1754478840000 98.20
1754478900000 98.14
1754478960000 97.97
1754479020000 98.29
1754479080000 98.37
1754479140000 98.37
1754479200000 98.45
1754479260000 98.15
1754479320000 98.33
1754479380000 98.13
1754479440000 98.28
1754479500000 98.43
1754479560000 98.28
1754479620000 98.50
1754479680000 98.58
1754479740000 98.53
1754479800000 98.57
1754479860000 97.67
1754479920000 98.29
1754479980000 98.32
1754480040000 97.74
1754480100000 97.44
1754480160000 98.26
1754480220000 98.16
1754480280000 98.44
1754480340000 98.43
1754480400000 98.31
1754480460000 98.12
1754480520000 98.14
1754480580000 98.12
1754480640000 98.18
1754480700000 98.45
1754480760000 97.28
1754480820000 96.88
1754480880000 98.12
1754480940000 98.26
1754481000000 98.39
1754481060000 98.32
1754481120000 98.32
1754481180000 98.29
1754481240000 98.32
1754481300000 98.42
1754481360000 98.38
1754481420000 98.36
1754481480000 98.36
1754481540000 98.40
1754481600000 98.42
1754481660000 97.96
1754481720000 98.28
1754481780000 98.32
1754481840000 98.33
1754481900000 98.35
1754481960000 98.29
1754482020000 98.36
1754482080000 98.16
1754482140000 98.19
1754482200000 98.41
1754482260000 98.22
1754482320000 98.10
1754482380000 97.50
1754482440000 97.89
1754482500000 96.96
1754482560000 96.87
1754482620000 97.85
1754482680000 97.78
1754482740000 97.69
1754482800000 97.88
1754482860000 97.87
1754482920000 97.72
1754482980000 98.06
1754483040000 98.19
1754483100000 98.30
1754483160000 97.87
1754483220000 98.09
1754483280000 98.08
1754483340000 98.34
1754483400000 98.02
1754483460000 98.19
1754483520000 97.89
1754483580000 98.08
1754483640000 98.16
1754483700000 98.15
1754483760000 97.95
1754483820000 98.11
1754483880000 98.23
1754483940000 98.11
1754484000000 98.30
1754484060000 98.06
1754484120000 97.94
1754484180000 98.14
1754484240000 98.02
1754484300000 97.88
1754484360000 98.07
1754484420000 98.16
1754484480000 97.98
1754484540000 98.33
1754484600000 97.91
1754484660000 97.65
1754484720000 97.78
1754484780000 98.07
1754484840000 97.84
1754484900000 98.01
1754484960000 97.93
1754485020000 97.95
1754485080000 98.12
1754485140000 97.64
1754485200000 97.81
1754485260000 97.78
1754485320000 97.76
1754485380000 98.16
1754485440000 98.15
1754485500000 97.75
1754485560000 98.01
1754485620000 98.12
1754485680000 98.08
1754485740000 98.11
1754485800000 97.91
1754485860000 97.96
1754485920000 98.00
1754485980000 96.61
1754486040000 97.91
1754486100000 97.86
1754486160000 97.96
1754486220000 98.06
1754486280000 98.03
1754486340000 98.06
1754486400000 97.91
1754486460000 98.04
1754486520000 97.93
1754486580000 98.12
1754486640000 97.98
1754486700000 97.99
1754486760000 98.24
1754486820000 98.15
1754486880000 98.06
1754486940000 98.16
1754487000000 98.09
1754487060000 97.87
1754487120000 97.25
1754487180000 97.60
1754487240000 97.82
1754487300000 97.80
1754487360000 97.82
1754487420000 96.87
1754487480000 96.32
1754487540000 97.22
1754487600000 95.70
1754487660000 94.68
1754487720000 95.75
1754487780000 95.79
1754487840000 95.75
1754487900000 96.07
1754487960000 95.49
1754488020000 95.69
1754488080000 95.95
1754488140000 95.60
1754488200000 95.78
1754488260000 95.67
1754488320000 95.84
1754488380000 97.52
1754488440000 97.78
1754488500000 97.40
1754488560000 97.57
1754488620000 97.75
1754488680000 97.70
1754488740000 98.03
1754488800000 97.90
1754488860000 97.33
1754488920000 97.74
1754488980000 97.05
1754489040000 97.80
1754489100000 97.74
1754489160000 97.66
1754489220000 97.11
1754489280000 97.31
1754489340000 97.38
1754489400000 97.48
1754489460000 97.76
1754489520000 97.63
1754489580000 97.70
1754489640000 97.90
1754489700000 97.76
1754489760000 97.79
1754489820000 97.14
1754489880000 97.53
1754489940000 97.72
1754490000000 98.06
1754490060000 97.60
1754490120000 97.48
1754490180000 97.84
1754490240000 97.67
1754490300000 97.31
1754490360000 97.40
1754490420000 97.68
1754490480000 97.88
1754490540000 97.66
1754490600000 97.66
1754490660000 97.59
1754490720000 97.96
1754490780000 97.55
1754490840000 97.76
1754490900000 97.75
1754490960000 97.72
1754491020000 97.55
1754491080000 97.88
1754491140000 97.98
1754491200000 97.92
1754491260000 97.72
1754491320000 97.70
1754491380000 97.32
1754491440000 97.91
1754491500000 97.67
1754491560000 97.74
1754491620000 97.98
1754491680000 97.77
1754491740000 97.91
1754491800000 97.94
1754491860000 97.44
1754491920000 97.81
1754491980000 97.90
1754492040000 97.88
1754492100000 97.61
1754492160000 96.73
1754492220000 96.06
1754492280000 97.22
1754492340000 96.54
1754492400000 97.31
1754492460000 96.56
1754492520000 97.45
1754492580000 96.58
1754492640000 97.40
1754492700000 97.15
1754492760000 97.47
1754492820000 97.59
1754492880000 96.95
1754492940000 96.20
1754493000000 96.09
1754493060000 96.11
1754493120000 96.19
1754493180000 96.04
1754493240000 96.12
1754493300000 96.46
1754493360000 95.51
1754493420000 96.07
1754493480000 95.75
1754493540000 96.10
1754493600000 96.02
1754493660000 96.16
1754493720000 95.98
1754493780000 97.97
1754493840000 97.65
1754493900000 97.93
1754493960000 97.83
1754494020000 97.93
1754494080000 97.70
1754494140000 97.72
1754494200000 98.14
1754494260000 98.18
1754494320000 98.07
1754494380000 98.19
1754494440000 98.21
1754494500000 97.44
1754494560000 97.86
1754494620000 97.90
1754494680000 98.06
1754494740000 97.98
1754494800000 97.92
1754494860000 97.46
1754494920000 98.18
1754494980000 98.13
1754495040000 98.17
1754495100000 97.95
1754495160000 96.53
1754495220000 96.41
1754495280000 96.59
1754495340000 96.44
1754495400000 96.57
1754495460000 96.64
1754495520000 96.64
1754495580000 96.54
1754495640000 96.30
1754495700000 96.20
1754495760000 96.21
1754495820000 96.44
1754495880000 96.21
1754495940000 94.86
1754496000000 97.28
1754496060000 97.09
1754496120000 97.43
1754496180000 97.43
1754496240000 97.71
1754496300000 97.24
1754496360000 97.98
1754496420000 97.77
1754496480000 97.75
1754496540000 98.01
1754496600000 97.95
1754496660000 98.24
1754496720000 98.13
1754496780000 97.75
1754496840000 96.50
1754496900000 98.00
1754496960000 98.05
1754497020000 98.07
1754497080000 98.01
1754497140000 98.11
1754497200000 98.18
1754497260000 98.00
1754497320000 98.07
1754497380000 97.96
1754497440000 97.97
1754497500000 98.31
1754497560000 98.22
1754497620000 97.98
1754497680000 98.12
1754497740000 98.21
1754497800000 98.31
1754497860000 98.18
1754497920000 98.13
1754497980000 98.16
1754498040000 98.16
1754498100000 97.70
1754498160000 98.18
1754498220000 98.01
1754498280000 98.33
1754498340000 97.98
1754498400000 97.78
1754498460000 97.98
1754498520000 98.01
1754498580000 97.94
1754498640000 97.62
1754498700000 97.79
1754498760000 97.76
1754498820000 97.86
1754498880000 98.00
1754498940000 97.80
1754499000000 97.96
1754499060000 97.97
1754499120000 97.50
1754499180000 97.72
1754499240000 97.83
1754499300000 98.10
1754499360000 98.21
1754499420000 98.01
1754499480000 98.09
1754499540000 98.14
1754499600000 98.24
1754499660000 98.03
1754499720000 98.39
1754499780000 98.17
1754499840000 98.07
1754499900000 98.25
1754499960000 98.14
1754500020000 98.16
1754500080000 98.12
1754500140000 98.18
1754500200000 98.20
1754500260000 98.31
1754500320000 98.20
1754500380000 98.28
1754500440000 98.31
1754500500000 98.24
1754500560000 98.10
1754500620000 98.19
1754500680000 97.28
1754500740000 96.63
1754500800000 98.06
1754500860000 98.14
1754500920000 98.25
1754500980000 98.22
1754501040000 98.30
1754501100000 98.23
1754501160000 98.36
1754501220000 98.33
1754501280000 98.29
1754501340000 98.22
1754501400000 98.06
1754501460000 98.06
1754501520000 98.19
1754501580000 98.24
1754501640000 98.16
1754501700000 98.13
1754501760000 98.02
1754501820000 98.13
1754501880000 98.25
1754501940000 98.22
1754502000000 98.69
1754502060000 99.38
1754502120000 98.96
1754502180000 99.18
1754502240000 99.37
1754502300000 99.40
1754502360000 99.31
1754502420000 99.25
1754502480000 99.34
1754502540000 98.75
1754502600000 99.23
1754502660000 98.70
1754502720000 98.99
1754502780000 99.35
1754502840000 99.42
1754502900000 99.42
1754502960000 99.35
1754503020000 99.39
1754503080000 99.32
1754503140000 99.46
1754503200000 99.37
1754503260000 98.72
1754503320000 99.02
1754503380000 99.03
1754503440000 98.65
1754503500000 99.05
1754503560000 98.97
1754503620000 99.23
1754503680000 99.35
1754503740000 99.08
1754503800000 99.01
1754503860000 99.06
1754503920000 99.31
1754503980000 99.41
1754504040000 99.35
1754504100000 99.22
1754504160000 99.11
1754504220000 99.34
1754504280000 99.36
1754504340000 99.38
1754504400000 99.19
1754504460000 99.18
1754504520000 98.78
1754504580000 99.15
1754504640000 99.42
1754504700000 99.16
1754504760000 99.35
1754504820000 99.35
1754504880000 99.43
1754504940000 99.49
1754505000000 99.40
1754505060000 99.23
1754505120000 99.47
1754505180000 99.44
1754505240000 99.06
1754505300000 99.44
1754505360000 99.47
1754505420000 99.54
1754505480000 99.42
1754505540000 99.42
1754505600000 99.44
1754505660000 99.23
1754505720000 99.44
1754505780000 99.37
1754505840000 99.31
1754505900000 99.41
1754505960000 99.40
1754506020000 99.48
1754506080000 99.44
1754506140000 99.52
1754506200000 99.25
1754506260000 99.10
1754506320000 99.41
1754506380000 99.34
1754506440000 99.14
1754506500000 99.57
1754506560000 99.34
1754506620000 99.15
1754506680000 99.45
1754506740000 99.46
1754506800000 99.59
1754506860000 99.27
1754506920000 99.33
1754506980000 99.28
1754507040000 99.31
1754507100000 99.31
1754507160000 99.44
1754507220000 99.38
1754507280000 99.41
1754507340000 99.20
1754507400000 99.43
1754507460000 99.41
1754507520000 99.53
1754507580000 99.35
1754507640000 98.76
1754507700000 97.51
1754507760000 97.46
1754507820000 97.43
1754507880000 97.47
1754507940000 97.42
1754508000000 97.42
1754508060000 97.53
1754508120000 97.52
1754508180000 97.51
1754508240000 97.45
1754508300000 97.45
1754508360000 97.75
1754508420000 99.33
1754508480000 99.32
1754508540000 99.45
1754508600000 99.47
1754508660000 99.15
1754508720000 99.52
1754508780000 99.11
1754508840000 99.37
1754508900000 99.49
1754508960000 99.57
1754509020000 99.45
1754509080000 99.41
1754509140000 98.73
1754509200000 98.08
1754509260000 99.12
1754509320000 99.60
1754509380000 99.47
1754509440000 98.90
1754509500000 99.14
1754509560000 99.48
1754509620000 99.46
1754509680000 99.16
1754509740000 99.47
1754509800000 99.60
1754509860000 99.21
1754509920000 99.49
1754509980000 99.40
1754510040000 99.49
1754510100000 99.46
1754510160000 99.32
1754510220000 99.35
1754510280000 99.51
1754510340000 99.44
1754510400000 99.17
1754510460000 99.21
1754510520000 99.46
1754510580000 99.45
1754510640000 99.50
1754510700000 99.36
1754510760000 99.32
1754510820000 99.44
1754510880000 99.53
1754510940000 99.39
1754511000000 99.57
1754511060000 99.45
1754511120000 99.58
1754511180000 99.50
1754511240000 99.67
1754511300000 99.48
1754511360000 99.60
1754511420000 99.60
1754511480000 99.43
1754511540000 99.50
1754511600000 99.45
1754511660000 99.56
1754511720000 99.51
1754511780000 99.58
1754511840000 99.51
1754511900000 99.41
1754511960000 99.56
1754512020000 99.46
1754512080000 99.55
1754512140000 99.27
1754512200000 99.46
1754512260000 99.34
1754512320000 99.40
1754512380000 99.49
1754512440000 99.21
1754512500000 99.44
1754512560000 99.43
1754512620000 99.52
1754512680000 99.26
1754512740000 99.17
1754512800000 99.23
1754512860000 99.52
1754512920000 99.53
1754512980000 99.49
1754513040000 99.60
1754513100000 99.55
1754513160000 99.50
1754513220000 99.44
1754513280000 99.41
1754513340000 99.43
1754513400000 99.57
1754513460000 99.42
1754513520000 99.46
1754513580000 99.51
1754513640000 99.59
1754513700000 99.58
1754513760000 99.46
1754513820000 99.51
1754513880000 99.54
1754513940000 99.47
1754514000000 99.37
1754514060000 98.89
1754514120000 99.39
1754514180000 99.34
1754514240000 99.45
1754514300000 99.39
1754514360000 99.44
1754514420000 99.22
1754514480000 99.37
1754514540000 99.46
1754514600000 99.59
1754514660000 99.62
1754514720000 99.55
1754514780000 99.59
1754514840000 99.11
1754514900000 99.11
1754514960000 99.41
1754515020000 99.39
1754515080000 99.47
1754515140000 99.45
1754515200000 99.42
1754515260000 99.49
1754515320000 99.57
1754515380000 99.53
1754515440000 99.42
1754515500000 99.57
1754515560000 99.62
1754515620000 99.51
1754515680000 99.41
1754515740000 99.46
1754515800000 99.62
1754515860000 99.55
1754515920000 99.27
1754515980000 99.29
1754516040000 99.30
1754516100000 99.40
1754516160000 99.20
1754516220000 99.15
1754516280000 99.38
1754516340000 99.16
1754516400000 99.11
1754516460000 98.90
1754516520000 98.99
1754516580000 99.31
1754516640000 99.40
1754516700000 99.00
1754516760000 99.40
1754516820000 99.39
1754516880000 99.59
1754516940000 99.42
1754517000000 99.47
1754517060000 99.48
1754517120000 99.60
1754517180000 99.57
1754517240000 99.51
1754517300000 99.52
1754517360000 99.47
1754517420000 99.51
1754517480000 99.62
1754517540000 99.49
1754517600000 99.54
1754517660000 98.96
1754517720000 99.54
1754517780000 99.22
1754517840000 99.03
1754517900000 99.29
1754517960000 99.47
1754518020000 99.47
1754518080000 99.52
1754518140000 99.32
1754518200000 98.93
1754518260000 99.44
1754518320000 99.38
1754518380000 98.98
1754518440000 99.54
1754518500000 99.43
1754518560000 99.45
1754518620000 99.33
1754518680000 99.60
1754518740000 99.48
1754518800000 99.52
1754518860000 99.38
1754518920000 99.40
1754518980000 99.49
1754519040000 99.55
1754519100000 99.42
1754519160000 99.50
1754519220000 99.47
1754519280000 99.33
1754519340000 99.47
1754519400000 99.57
1754519460000 99.33
1754519520000 99.36
1754519580000 99.36
1754519640000 99.57
1754519700000 99.50
1754519760000 99.53
1754519820000 99.39
1754519880000 99.58
1754519940000 99.34
1754520000000 99.60
1754520060000 99.49
1754520120000 99.57
1754520180000 99.47
1754520240000 99.62
1754520300000 99.52
1754520360000 99.33
1754520420000 99.49
1754520480000 99.52
1754520540000 99.08
1754520600000 99.57
1754520660000 99.54
1754520720000 99.62
1754520780000 99.59
1754520840000 99.50
1754520900000 99.39
1754520960000 99.62
1754521020000 99.27
1754521080000 99.61
1754521140000 99.44
1754521200000 99.58
1754521260000 99.23
1754521320000 99.52
1754521380000 99.49
1754521440000 99.51
1754521500000 99.51
1754521560000 99.53
1754521620000 99.56
1754521680000 99.60
1754521740000 99.40
1754521800000 99.64
1754521860000 99.56
1754521920000 99.47
1754521980000 99.49
1754522040000 99.57
1754522100000 99.48
1754522160000 99.62
1754522220000 99.45
1754522280000 99.22
1754522340000 99.49
1754522400000 99.55
1754522460000 99.32
1754522520000 99.52
1754522580000 99.13
1754522640000 99.61
1754522700000 99.43
1754522760000 99.53
1754522820000 99.48
1754522880000 99.59
1754522940000 99.56
1754523000000 99.62
1754523060000 99.56
1754523120000 99.43
1754523180000 99.43
1754523240000 99.50
1754523300000 99.57
1754523360000 99.34
1754523420000 99.55
1754523480000 99.43
1754523540000 99.55
1754523600000 99.52
1754523660000 99.38
1754523720000 99.38
1754523780000 99.10
1754523840000 99.33
1754523900000 98.71
1754523960000 99.24
1754524020000 99.17
1754524080000 99.33
1754524140000 99.31
1754524200000 99.12
1754524260000 98.95
1754524320000 98.87
1754524380000 99.36
1754524440000 98.88
1754524500000 99.20
1754524560000 99.42
1754524620000 99.07
1754524680000 99.08
1754524740000 99.13
1754524800000 99.57
1754524860000 99.16
1754524920000 99.45
1754524980000 99.50
1754525040000 99.23
1754525100000 99.51
1754525160000 99.49
1754525220000 99.34
1754525280000 99.17
1754525340000 99.42
1754525400000 99.43
1754525460000 99.34
1754525520000 99.49
1754525580000 99.33
1754525640000 99.54
1754525700000 99.42
1754525760000 99.51
1754525820000 99.31
1754525880000 99.41
1754525940000 99.57
1754526000000 99.59
1754526060000 99.44
1754526120000 99.41
1754526180000 99.39
1754526240000 99.37
1754526300000 99.47
1754526360000 99.18
1754526420000 99.31
1754526480000 99.50
1754526540000 97.95
1754526600000 99.44
1754526660000 98.89
1754526720000 99.52
1754526780000 99.36
1754526840000 99.53
1754526900000 99.51
1754526960000 99.42
1754527020000 99.34
1754527080000 99.43
1754527140000 99.53
1754527200000 99.54
1754527260000 99.47
1754527320000 99.59
1754527380000 99.27
1754527440000 99.58
1754527500000 99.47
1754527560000 99.57
1754527620000 99.52
1754527680000 99.42
1754527740000 99.40
1754527800000 99.32
1754527860000 99.35
1754527920000 99.47
1754527980000 99.47
1754528040000 99.44
1754528100000 99.48
1754528160000 99.48
1754528220000 99.42
1754528280000 98.80
1754528340000 99.15
1754528400000 99.49
1754528460000 99.23
1754528520000 99.50
1754528580000 99.35
1754528640000 99.43
1754528700000 99.50
1754528760000 99.44
1754528820000 99.30
1754528880000 99.44
1754528940000 99.32
1754529000000 99.44
1754529060000 99.44
1754529120000 99.39
1754529180000 99.24
1754529240000 99.55
1754529300000 99.48
1754529360000 99.56
1754529420000 99.44
1754529480000 99.57
1754529540000 99.45
1754529600000 99.51
1754529660000 99.54
1754529720000 99.26
1754529780000 99.47
1754529840000 99.33
1754529900000 99.19
1754529960000 99.20
1754530020000 98.84
1754530080000 98.10
1754530140000 98.83
1754530200000 99.36
1754530260000 99.00
1754530320000 98.40
1754530380000 99.26
1754530440000 99.24
1754530500000 98.31
1754530560000 98.15
1754530620000 98.42
1754530680000 98.62
1754530740000 98.52
1754530800000 98.43
1754530860000 98.51
1754530920000 98.37
1754530980000 98.43
1754531040000 98.51
1754531100000 98.65
1754531160000 98.49
1754531220000 94.86
1754531280000 98.37
1754531340000 98.44
1754531400000 98.53
1754531460000 98.40
1754531520000 98.45
1754531580000 98.29
1754531640000 98.40
1754531700000 98.39
1754531760000 97.32
1754531820000 97.84
1754531880000 98.11
1754531940000 98.35
1754532000000 98.71
1754532060000 98.84
1754532120000 98.55
1754532180000 99.28
1754532240000 99.26
1754532300000 99.04
1754532360000 99.22
1754532420000 98.76
1754532480000 98.81
1754532540000 98.77
1754532600000 99.02
1754532660000 99.01
1754532720000 98.89
1754532780000 99.01
1754532840000 98.90
1754532900000 98.86
1754532960000 98.95
1754533020000 98.93
1754533080000 98.97
1754533140000 98.88
1754533200000 98.74
1754533260000 98.66
1754533320000 98.95
1754533380000 98.75
1754533440000 99.01
1754533500000 98.83
1754533560000 98.84
1754533620000 99.04
1754533680000 99.03
1754533740000 98.91
1754533800000 98.97
1754533860000 99.05
1754533920000 98.84
1754533980000 98.83
1754534040000 98.87
1754534100000 98.64
1754534160000 98.87
1754534220000 98.89
1754534280000 99.01
1754534340000 98.90
1754534400000 98.89
1754534460000 98.86
1754534520000 98.99
1754534580000 98.84
1754534640000 98.82
1754534700000 98.87
1754534760000 98.83
1754534820000 98.63
1754534880000 98.94
1754534940000 98.90
1754535000000 99.10
1754535060000 98.41
1754535120000 98.92
1754535180000 98.96
1754535240000 98.94
1754535300000 97.99
1754535360000 98.83
1754535420000 99.03
1754535480000 99.07
1754535540000 98.93
1754535600000 99.11
1754535660000 99.01
1754535720000 98.90
1754535780000 98.93
1754535840000 99.06
1754535900000 98.60
1754535960000 98.98
1754536020000 99.41
1754536080000 99.46
1754536140000 99.44
1754536200000 99.52
1754536260000 99.44
1754536320000 99.53
1754536380000 98.96
1754536440000 99.20
1754536500000 99.27
1754536560000 99.26
1754536620000 99.11
1754536680000 99.14
1754536740000 99.43
1754536800000 99.39
1754536860000 99.51
1754536920000 99.50
1754536980000 99.19
1754537040000 99.24
1754537100000 99.36
1754537160000 99.41
1754537220000 99.57
1754537280000 98.56
1754537340000 97.45
1754537400000 99.20
1754537460000 99.44
1754537520000 99.46
1754537580000 99.47
1754537640000 99.37
1754537700000 99.54
1754537760000 99.49
1754537820000 99.54
1754537880000 99.44
1754537940000 99.45
1754538000000 99.51
1754538060000 99.59
1754538120000 99.56
1754538180000 99.39
1754538240000 99.58
1754538300000 99.50
1754538360000 99.39
1754538420000 99.56
1754538480000 99.36
1754538540000 99.60
1754538600000 98.82
1754538660000 99.08
1754538720000 97.95
1754538780000 98.99
1754538840000 99.39
1754538900000 99.60
1754538960000 99.57
1754539020000 99.51
1754539080000 99.15
1754539140000 99.66
1754539200000 99.52
1754539260000 99.04
1754539320000 99.43
1754539380000 99.44
1754539440000 99.54
1754539500000 99.44
1754539560000 99.37
1754539620000 99.57
1754539680000 99.48
1754539740000 99.61
1754539800000 99.37
1754539860000 99.56
1754539920000 99.52
1754539980000 99.47
1754540040000 99.46
1754540100000 99.43
1754540160000 99.46
1754540220000 99.37
1754540280000 99.18
1754540340000 99.40
1754540400000 99.53
1754540460000 99.49
1754540520000 99.25
1754540580000 99.51
1754540640000 99.37
1754540700000 99.51
1754540760000 99.42
1754540820000 99.44
1754540880000 99.54
1754540940000 99.44
1754541000000 99.55
1754541060000 99.41
1754541120000 99.17
1754541180000 99.34
1754541240000 99.52
1754541300000 99.44
1754541360000 99.50
1754541420000 99.51
1754541480000 99.51
1754541540000 99.47
1754541600000 99.39
1754541660000 99.53
1754541720000 99.54
1754541780000 99.54
1754541840000 99.54
1754541900000 99.55
1754541960000 99.37
1754542020000 99.54
1754542080000 99.46
1754542140000 99.54
1754542200000 99.25
1754542260000 99.28
1754542320000 99.12
1754542380000 99.38
1754542440000 99.12
1754542500000 99.56
1754542560000 99.35
1754542620000 99.48
1754542680000 99.30
1754542740000 99.47
1754542800000 99.49
1754542860000 99.34
1754542920000 99.44
1754542980000 99.49
1754543040000 99.47
1754543100000 99.38
1754543160000 99.41
1754543220000 99.41
1754543280000 99.57
1754543340000 99.50
1754543400000 99.47
1754543460000 99.44
1754543520000 98.59
1754543580000 98.56
1754543640000 98.52
1754543700000 98.65
1754543760000 98.38
1754543820000 98.61
1754543880000 98.41
1754543940000 98.54
1754544000000 98.52
1754544060000 98.16
1754544120000 98.22
1754544180000 98.05
1754544240000 98.00
1754544300000 98.45
1754544360000 98.36
1754544420000 98.47
1754544480000 98.47
1754544540000 98.36
1754544600000 98.65
1754544660000 98.44
1754544720000 98.41
1754544780000 98.60
1754544840000 98.41
1754544900000 98.85
1754544960000 99.38
1754545020000 99.57
1754545080000 99.42
1754545140000 99.44
1754545200000 99.42
1754545260000 99.55
1754545320000 99.61
1754545380000 99.39
1754545440000 99.39
1754545500000 99.41
1754545560000 99.42
1754545620000 99.38
1754545680000 99.05
1754545740000 99.38
1754545800000 99.43
1754545860000 98.16
1754545920000 97.91
1754545980000 99.42
1754546040000 99.43
1754546100000 99.47
1754546160000 99.26
1754546220000 99.39
1754546280000 99.31
1754546340000 98.52
1754546400000 98.68
1754546460000 98.96
1754546520000 99.23
1754546580000 99.30
1754546640000 99.17
1754546700000 99.11
1754546760000 99.41
1754546820000 99.30
1754546880000 99.02
1754546940000 99.05
1754547000000 99.11
1754547060000 99.04
1754547120000 99.08
1754547180000 98.85
1754547240000 99.20
1754547300000 99.32
1754547360000 98.93
1754547420000 99.21
1754547480000 99.15
1754547540000 99.39
1754547600000 99.23
1754547660000 99.27
1754547720000 99.09
1754547780000 99.33
1754547840000 98.57
1754547900000 99.31
1754547960000 99.38
1754548020000 99.37
1754548080000 99.48
1754548140000 99.35
1754548200000 99.32
1754548260000 99.29
1754548320000 99.38
1754548380000 98.50
1754548440000 99.23
1754548500000 99.24
1754548560000 99.35
1754548620000 99.42
1754548680000 99.47
1754548740000 99.34
1754548800000 99.48
1754548860000 99.35
1754548920000 98.61
1754548980000 99.14
1754549040000 99.45
1754549100000 99.37
1754549160000 99.28
1754549220000 99.28
1754549280000 98.83
1754549340000 98.96
1754549400000 99.33
1754549460000 99.27
1754549520000 99.42
1754549580000 99.35
1754549640000 99.34
1754549700000 99.46
1754549760000 99.42
1754549820000 99.47
1754549880000 99.05
1754549940000 99.37
1754550000000 98.15
1754550060000 98.82
1754550120000 99.31
1754550180000 99.30
1754550240000 99.38
1754550300000 99.28
1754550360000 99.09
1754550420000 99.38
1754550480000 99.38
1754550540000 98.83
1754550600000 99.22
1754550660000 99.08
1754550720000 99.36
1754550780000 99.29
1754550840000 99.32
1754550900000 99.25
1754550960000 99.28
1754551020000 99.17
1754551080000 98.53
1754551140000 98.41
1754551200000 99.19
1754551260000 99.26
1754551320000 99.33
1754551380000 99.06
1754551440000 99.34
1754551500000 99.32
1754551560000 98.94
1754551620000 99.10
1754551680000 99.09
1754551740000 99.30
1754551800000 99.30
1754551860000 99.36
1754551920000 99.29
1754551980000 99.33
1754552040000 98.90
1754552100000 99.34
1754552160000 98.17
1754552220000 99.42
1754552280000 99.24
1754552340000 99.50
1754552400000 99.29
1754552460000 99.13
1754552520000 98.93
1754552580000 99.44
1754552640000 99.03
1754552700000 99.22
1754552760000 99.21
1754552820000 99.45
1754552880000 99.26
1754552940000 99.52
1754553000000 99.09
1754553060000 99.39
1754553120000 99.26
1754553180000 99.47
1754553240000 98.71
1754553300000 99.39
1754553360000 98.99
1754553420000 99.14
1754553480000 99.19
1754553540000 99.42
1754553600000 98.48
1754553660000 98.96
1754553720000 99.03
1754553780000 98.38
1754553840000 99.06
1754553900000 98.82
1754553960000 98.71
1754554020000 99.15
1754554080000 99.34
1754554140000 99.06
1754554200000 99.29
1754554260000 98.30
1754554320000 98.15
1754554380000 99.05
1754554440000 99.39
1754554500000 99.27
1754554560000 99.29
1754554620000 99.39
1754554680000 99.26
1754554740000 99.36
1754554800000 99.36
1754554860000 99.35
1754554920000 99.19
1754554980000 99.30
1754555040000 99.19
1754555100000 99.32
1754555160000 99.42
1754555220000 99.24
1754555280000 99.30
1754555340000 99.27
1754555400000 98.89
1754555460000 98.86
1754555520000 99.16
1754555580000 97.21
1754555640000 99.21
1754555700000 99.29
1754555760000 99.39
1754555820000 99.50
1754555880000 99.48
1754555940000 99.20
1754556000000 99.42
1754556060000 99.32
1754556120000 99.41
1754556180000 98.91
1754556240000 99.28
1754556300000 99.52
1754556360000 99.25
1754556420000 99.22
1754556480000 98.32
1754556540000 99.22
1754556600000 99.42
1754556660000 99.26
1754556720000 99.38
1754556780000 99.49
1754556840000 99.39
1754556900000 99.50
1754556960000 99.30
1754557020000 99.55
1754557080000 99.18
1754557140000 99.36
1754557200000 99.27
1754557260000 99.20
1754557320000 99.13
1754557380000 99.41
1754557440000 99.14
1754557500000 99.22
1754557560000 97.78
1754557620000 99.24
1754557680000 99.15
1754557740000 99.53
1754557800000 99.31
1754557860000 99.35
1754557920000 99.14
1754557980000 99.45
1754558040000 99.40
1754558100000 98.93
1754558160000 98.65
1754558220000 99.39
1754558280000 99.40
1754558340000 99.32
1754558400000 99.34
1754558460000 99.42
1754558520000 99.41
1754558580000 99.01
1754558640000 99.39
1754558700000 99.16
1754558760000 99.05
1754558820000 99.47
1754558880000 98.87
1754558940000 99.16
1754559000000 99.55
1754559060000 99.44
1754559120000 99.39
1754559180000 99.41
1754559240000 99.12
1754559300000 99.27
1754559360000 99.55
1754559420000 99.21
1754559480000 99.47
1754559540000 99.32
1754559600000 99.43
1754559660000 99.42
1754559720000 99.49
1754559780000 98.48
1754559840000 99.34
1754559900000 99.34
1754559960000 99.44
1754560020000 99.44
1754560080000 99.49
1754560140000 99.52
1754560200000 99.61
1754560260000 99.39
1754560320000 99.51
1754560380000 99.32
1754560440000 99.51
1754560500000 98.48
1754560560000 99.44
1754560620000 99.17
1754560680000 99.19
1754560740000 99.33
1754560800000 98.96
1754560860000 98.83
1754560920000 98.88
1754560980000 95.19
1754561040000 94.08
1754561100000 97.73
1754561160000 98.57
1754561220000 98.78
1754561280000 98.81
1754561340000 98.48
1754561400000 98.73
1754561460000 98.84
1754561520000 99.06
1754561580000 98.81
1754561640000 98.02
1754561700000 96.99
1754561760000 98.01
1754561820000 98.19
1754561880000 98.01
1754561940000 98.13
1754562000000 97.24
1754562060000 98.37
1754562120000 98.87
1754562180000 99.17
1754562240000 99.26
1754562300000 99.08
1754562360000 99.29
1754562420000 98.82
1754562480000 98.74
1754562540000 98.63
1754562600000 98.85
1754562660000 97.05
1754562720000 97.96
1754562780000 98.54
1754562840000 98.97
1754562900000 98.12
1754562960000 98.61
1754563020000 97.80
1754563080000 97.97
1754563140000 98.66
1754563200000 97.45
1754563260000 97.69
1754563320000 98.58
1754563380000 98.67
1754563440000 98.93
1754563500000 99.25
1754563560000 98.88
1754563620000 98.77
1754563680000 98.79
1754563740000 98.87
1754563800000 99.11
1754563860000 99.09
1754563920000 99.20
1754563980000 99.24
1754564040000 99.24
1754564100000 99.11
1754564160000 99.17
1754564220000 97.96
1754564280000 98.90
1754564340000 99.07
1754564400000 98.97
1754564460000 98.51
1754564520000 98.90
1754564580000 98.91
1754564640000 99.19
1754564700000 99.27
1754564760000 98.80
1754564820000 99.10
1754564880000 99.17
1754564940000 99.06
1754565000000 99.14
1754565060000 99.14
1754565120000 99.15
1754565180000 99.07
1754565240000 98.99
1754565300000 98.29
1754565360000 98.93
1754565420000 99.14
1754565480000 99.09
1754565540000 99.08
1754565600000 98.57
1754565660000 98.60
1754565720000 98.97
1754565780000 99.25
1754565840000 99.23
1754565900000 99.18
1754565960000 99.19
1754566020000 99.19
1754566080000 99.25
1754566140000 99.20
1754566200000 99.35
1754566260000 99.22
1754566320000 99.26
1754566380000 98.73
1754566440000 97.98
1754566500000 99.10
1754566560000 99.24
1754566620000 99.19
1754566680000 99.26
1754566740000 99.41
1754566800000 99.00
1754566860000 99.21
1754566920000 99.23
1754566980000 99.01
1754567040000 98.01
1754567100000 99.04
1754567160000 99.20
1754567220000 99.06
1754567280000 99.39
1754567340000 99.31
1754567400000 99.17
1754567460000 98.31
1754567520000 97.20
1754567580000 98.36
1754567640000 99.28
1754567700000 99.25
1754567760000 99.21
1754567820000 99.15
1754567880000 99.30
1754567940000 99.31
1754568000000 99.24
1754568060000 98.63
1754568120000 99.01
1754568180000 99.19
1754568240000 99.34
1754568300000 98.97
1754568360000 99.04
1754568420000 98.92
1754568480000 99.06
1754568540000 99.16
1754568600000 98.88
1754568660000 98.56
1754568720000 99.09
1754568780000 99.03
1754568840000 99.22
1754568900000 99.22
1754568960000 99.17
1754569020000 96.83
1754569080000 97.42
1754569140000 99.14
1754569200000 99.11
1754569260000 98.88
1754569320000 99.08
1754569380000 99.28
1754569440000 99.11
1754569500000 94.21
1754569560000 99.07
1754569620000 98.99
1754569680000 99.32
1754569740000 98.59
1754569800000 98.62
1754569860000 98.90
1754569920000 98.95
1754569980000 99.03
1754570040000 99.28
1754570100000 99.10
1754570160000 99.24
1754570220000 99.11
1754570280000 99.06
1754570340000 98.74
1754570400000 99.23
1754570460000 98.86
1754570520000 98.38
1754570580000 99.05
1754570640000 99.02
1754570700000 98.99
1754570760000 98.90
1754570820000 98.77
1754570880000 98.01
1754570940000 98.30
1754571000000 98.36
1754571060000 98.86
1754571120000 99.06
1754571180000 98.93
1754571240000 98.98
1754571300000 98.36
1754571360000 99.01
1754571420000 99.20
1754571480000 99.12
1754571540000 97.41
1754571600000 97.03
1754571660000 98.58
1754571720000 98.78
1754571780000 98.75
1754571840000 98.90
1754571900000 98.60
1754571960000 97.64
1754572020000 98.79
1754572080000 98.73
1754572140000 98.94
1754572200000 99.31
1754572260000 99.03
1754572320000 99.14
1754572380000 98.34
1754572440000 98.95
1754572500000 99.16
1754572560000 99.30
1754572620000 97.82
1754572680000 98.58
1754572740000 99.13
1754572800000 99.18
1754572860000 99.18
1754572920000 98.47
1754572980000 98.92
1754573040000 98.53
1754573100000 98.65
1754573160000 98.80
1754573220000 98.75
1754573280000 98.60
1754573340000 98.77
1754573400000 99.18
1754573460000 98.85
1754573520000 98.37
1754573580000 98.67
1754573640000 98.95
1754573700000 99.02
1754573760000 98.83
1754573820000 98.05
1754573880000 98.95
1754573940000 98.71
1754574000000 97.48
1754574060000 98.25
1754574120000 98.16
1754574180000 98.56
1754574240000 98.07
1754574300000 98.75
1754574360000 98.40
1754574420000 97.96
1754574480000 98.82
1754574540000 99.01
1754574600000 99.11
1754574660000 98.56
1754574720000 98.80
1754574780000 98.99
1754574840000 98.87
1754574900000 99.04
1754574960000 97.70
1754575020000 98.26
1754575080000 98.85
1754575140000 99.03
1754575200000 99.14
1754575260000 98.33
1754575320000 99.25
1754575380000 99.02
1754575440000 98.48
1754575500000 98.89
1754575560000 98.85
1754575620000 98.70
1754575680000 99.16
1754575740000 98.62
1754575800000 98.90
1754575860000 98.65
